"","kangwon","seoul"
"1","삼십팔 아가미 메감지.","삼십팔 아가미 메감지."
"2","물고기가 메감지를 벌룽벌룽 움직인다.","물고기가 아가미를 벌룽벌룽 움직인다."
"3","지상에 사는 동물에게는 메감지가 없다.","지상에 사는 동물에게는 아가미가 없다."
"4","메감지가 선홍색을 띤 생선이 신선한 것이다.","아가미가 선홍색을 띤 생선이 신선한 것이다."
"5","광어가 갈고리에 메감지를 찍힌 채 팔닥거린다.","광어가 갈고리에 아가미를 찍힌 채 팔닥거린다."
"6","붕어가 빠끔빠끔 물을 들이실 들이마실 때마다 메감지도 잇따라 움직인다.","붕어가 빠끔빠끔 물을 들이실 들이마실 때마다 아가미도 잇따라 움직인다."
"7","생선이 오래되었는지 메감지가 거무죽죽하게 변색까지 되어 있었다.","생선이 오래되었는지 아가미가 거무죽죽하게 변색까지 되어 있었다."
"8","그 망태엔 아직 살아 있는지 메감지를 들썩거리는 고기도 있었다.","그 망태엔 아직 살아 있는지 아가미를 들썩거리는 고기도 있었다."
"9","개구리는 올챙이 때에는 메감지로 호흡하고 개구리가 되면 허파로 피부로 호흡한다.","개구리는 올챙이 때에는 아가미로 호흡하고 개구리가 되면 허파로 피부로 호흡한다."
"10","개구리에는 메감지가 있다.","개구리에는 아가미가 있다."
"11","상어의 메감지 속에는 예민한 후각기가 달려 있어 특히 피 냄새가 민감하다.","상어의 아가미 속에는 예민한 후각기가 달려 있어 특히 피 냄새가 민감하다."
"12","삼십구 태우다 태쿠다 태우쿠다 태키다.","삼십구 태우다 태쿠다 태우쿠다 태키다."
"13","그가 태쿠다만 담배가 서서히 꺼졌다.","그가 태우다만 담배가 서서히 꺼졌다."
"14","오늘은 낙엽이나 모아 태워야 태쿼야겠다.","오늘은 낙엽이나 모아 태워야 태워야겠다."
"15","나는 동생에게 그네를 태쿼 주었다.","나는 동생에게 그네를 태워 주었다."
"16","엄마는 아이를 놀이기구에 태쿤다.","엄마는 아이를 놀이기구에 태운다."
"17","어린 시절 아버지는 자주 나를 목에 태쿠고 밖으로 나갔다.","어린 시절 아버지는 자주 나를 목에 태우고 밖으로 나갔다."
"18","환자를 태쿤 구급차가 빠르게 달리고 있다.","환자를 태운 구급차가 빠르게 달리고 있다."
"19","아버지가 차에 동생만을 태쿤 채 떠났다.","아버지가 차에 동생만을 태운 채 떠났다."
"20","아기가 이리 저리 뒤척이며 부모의 가슴을 태쿠다가 겨우 잠이 들었다.","아기가 이리 저리 뒤척이며 부모의 가슴을 태우다가 겨우 잠이 들었다."
"21","그는 걱정거리가 많은지 한숨을 쉬며 담배를 태쿠고 있다.","그는 걱정거리가 많은지 한숨을 쉬며 담배를 태우고 있다."
"22","승객을 태쿤 차가 도로를 질주하고 있다.","승객을 태운 차가 도로를 질주하고 있다."
"23","사십 턱수염 택세미 택수염 택쉐미 택쉠지.","사십 턱수염 택세미 택수염 택쉐미 택쉠지."
"24","나는 할아버지의 길고 흰 택쉐미를 잡아당겨서 호되게 야단을 맞았다.","나는 할아버지의 길고 흰 턱수염을 잡아당겨서 호되게 야단을 맞았다."
"25","아침마다 비누 거품을 묻혀 택쉐미를 말끔히 밀었다.","아침마다 비누 거품을 묻혀 턱수염을 말끔히 밀었다."
"26","도한지 이삼일이 지났을까?","도한지 이삼일이 지났을까?"
"27","택쉐미가 파랗게 돋아나고 있었다.","턱수염이 파랗게 돋아나고 있었다."
"28","그는 택쉐미를 매일 깎는 것이 귀찮아서 그냥 기르기도 했다.","그는 턱수염을 매일 깎는 것이 귀찮아서 그냥 기르기도 했다."
"29","그는 익숙한 손벗스스 손버릇으로","그는 익숙한 손벗스스 손버릇으로"
"30","텍세미 택쉐미를 쓰다듬으며 딴청을 피웠다.","턱수염 턱수염을 쓰다듬으며 딴청을 피웠다."
"31","너 택쉐미가 아주 덥수룩하구나.","너 턱수염이 아주 덥수룩하구나."
"32","제멋대로 삐죽빼죽 나 있는 택쉐미 때문에 얼굴이 더 어두워보여.","제멋대로 삐죽빼죽 나 있는 턱수염 때문에 얼굴이 더 어두워보여."
"33","오랜만에 친구들을 만나기 위해 나는 거뭇하게 자란 택쉐미를 깨끗이 밀었다.","오랜만에 친구들을 만나기 위해 나는 거뭇하게 자란 턱수염을 깨끗이 밀었다."
"34","도대체 왜 택쉐미를 기르는거야?","도대체 왜 턱수염을 기르는거야?"
"35","너는 머리숱도 많으면서 택쉐미도 풍성하구나.","너는 머리숱도 많으면서 턱수염도 풍성하구나."
"36","사십일 혼자 혼처.","사십일 혼자 혼처."
"37","화가 난 친구는 아무 말 없이 혼처 가 버렸다.","화가 난 친구는 아무 말 없이 혼자 가 버렸다."
"38","친구들과 헤어져 혼처 지낸지 벌써 십년이 넘었다.","친구들과 헤어져 혼자 지낸지 벌써 십년이 넘었다."
"39","집에 들어가 보니 동생이 혼처 밥을 먹고 있었다.","집에 들어가 보니 동생이 혼자 밥을 먹고 있었다."
"40","도와주려고 했는데 그는 혼처 해 보겠다며 거절했다.","도와주려고 했는데 그는 혼자 해 보겠다며 거절했다."
"41","너는 왜 혼처 멀거니 앉아있니?","너는 왜 혼자 멀거니 앉아있니?"
"42","어두운 거리를 혼처 걷는 것은 너무 무섭다.","어두운 거리를 혼자 걷는 것은 너무 무섭다."
"43","한적한 시골 길을 혼처 걷던 옛날이 떠올랐다.","한적한 시골 길을 혼자 걷던 옛날이 떠올랐다."
"44","나는 혼처 아무 것도 못하는 나약한 인간일까?","나는 혼자 아무 것도 못하는 나약한 인간일까?"
"45","혼처라는 생각에서 벗어날 수가 없다.","혼자라는 생각에서 벗어날 수가 없다."
"46","너는 왜 혼처 술잔을 비우고 있는거야?","너는 왜 혼자 술잔을 비우고 있는거야?"
"47","사십이 헛수고 헷수고 헷수구.","사십이 헛수고 헷수고 헷수구."
"48","환자를 살리던 살리려던 의사들의 노력은 헷수고로 끝났다.","환자를 살리던 살리려던 의사들의 노력은 헛수고로 끝났다."
"49","괜히 헷수고 할 필요 없어.","괜히 헛수고 할 필요 없어."
"50","부모님에게 혼자 여행을 가고 싶다고 졸라 보았지만 전부 헷수고였어.","부모님에게 혼자 여행을 가고 싶다고 졸라 보았지만 전부 헛수고였어."
"51","나는 주차장을 여러 번 돌았지만 헷수고였다.","나는 주차장을 여러 번 돌았지만 헛수고였다."
"52","일이 이렇게 끝난 걸 보니 괜한 헷수고를 했나 싶네.","일이 이렇게 끝난 걸 보니 괜한 헛수고를 했나 싶네."
"53","일을 제대로 마무리하지 못하면 그간의 노력이 전부 헷수고가 될 수 있어.","일을 제대로 마무리하지 못하면 그간의 노력이 전부 헛수고가 될 수 있어."
"54","잃어버린 귀걸이를 찾아보았지만 헷수고였다.","잃어버린 귀걸이를 찾아보았지만 헛수고였다."
"55","너의 거짓말 때문에 며칠 동안 헷수고한 걸 생각하니 정말 화가나.","너의 거짓말 때문에 며칠 동안 헛수고한 걸 생각하니 정말 화가나."
"56","몰래 준비하던 생일파티가 그의 빠른 눈치 덕분에 전부 헷수고가 되었다.","몰래 준비하던 생일파티가 그의 빠른 눈치 덕분에 전부 헛수고가 되었다."
"57","그렇게 줄을 대려고 노력해도 헷수고임이 틀림없어.","그렇게 줄을 대려고 노력해도 헛수고임이 틀림없어."
"58","사십삼 해마다 해마두 해마둠 해마둥.","사십삼 해마다 해마두 해마둠 해마둥."
"59","농사를 짓는 집이 해마두 줄어들고 있어.","농사를 짓는 집이 해마다 줄어들고 있어."
"60","어째서 해마두 집 값이 오르는걸까.","어째서 해마다 집 값이 오르는걸까."
"61","해마두 새로운 물건이 시장으로 나오네.","해마다 새로운 물건이 시장으로 나오네."
"62","우리가족은 해마두 가을 단풍구경을 가.","우리가족은 해마다 가을 단풍구경을 가."
"63","해마두하던 김장을 올해는 못할 것 같아.","해마다하던 김장을 올해는 못할 것 같아."
"64","나는 해마두 건강이 나빠지는 것을 느끼고 있어.","나는 해마다 건강이 나빠지는 것을 느끼고 있어."
"65","신정에는 친구들과 해마두 새해를 보러 산에 올랐지.","신정에는 친구들과 해마다 새해를 보러 산에 올랐지."
"66","책을 보는 사람이 해마두 줄어들고 있는 것을 알고있어?","책을 보는 사람이 해마다 줄어들고 있는 것을 알고있어?"
"67","나는 해마두 부모님을 모시고 여행을 가.","나는 해마다 부모님을 모시고 여행을 가."
"68","이 구역은 해마두 교통사고 발생 건수가 증가하고 있네?","이 구역은 해마다 교통사고 발생 건수가 증가하고 있네?"
"69","사십사 하루아침 할루아척 할루아측 할루아칙.","사십사 하루아침 할루아척 할루아측 할루아칙."
"70","폭우로 할루아척에 모든 가구가 물에 잠겼다.","폭우로 하루아침에 모든 가구가 물에 잠겼다."
"71","너의 성공이 할루아척에 이루어 진 것은 아닐거야.","너의 성공이 하루아침에 이루어 진 것은 아닐거야."
"72","로또에 당첨되어 할루아척에 부자가 되었다.","로또에 당첨되어 하루아침에 부자가 되었다."
"73","할루아척에 부자가 되더니 안하무인이 따로 없다.","하루아침에 부자가 되더니 안하무인이 따로 없다."
"74","몇 달간 고생한 것이 할루아척에 날아가 버렸다.","몇 달간 고생한 것이 하루아침에 날아가 버렸다."
"75","빚으로 집이 넘어가자 우리는 할루아척에 길거리에 나앉게 되었다.","빚으로 집이 넘어가자 우리는 하루아침에 길거리에 나앉게 되었다."
"76","할루아척에 빚더미 위에 올랐다.","하루아침에 빚더미 위에 올랐다."
"77","그 일은 할루아척에 해치울 일이 아니야.","그 일은 하루아침에 해치울 일이 아니야."
"78","지금까지 한 일이 할루아척에 모래성으로 변했다.","지금까지 한 일이 하루아침에 모래성으로 변했다."
"79","할루아척에 집이 망하게 생겼는데 내가 제정신이겠니?","하루아침에 집이 망하게 생겼는데 내가 제정신이겠니?"
"80","사십오 툭하면 툭탁하문.","사십오 툭하면 툭탁하문."
"81","너는 왜 툭탁하문 그렇게 우는거니?","너는 왜 툭하면 그렇게 우는거니?"
"82","쟤는 툭탁하문 싸움을 하고 다니네.","쟤는 툭하면 싸움을 하고 다니네."
"83","툭탁하문 소리지르고 화내는 게 걔가 싫어.","툭하면 소리지르고 화내는 게 걔가 싫어."
"84","아이는 툭탁하문 엄마에게 달려가서 떼를 쓰곤 했다.","아이는 툭하면 엄마에게 달려가서 떼를 쓰곤 했다."
"85","걔는 얼굴이 얼마나 두꺼운지 툭탁하문 찾아와 어려운 부탁을 해.","걔는 얼굴이 얼마나 두꺼운지 툭하면 찾아와 어려운 부탁을 해."
"86","너는 툭탁하문 지각을 하는구나.","너는 툭하면 지각을 하는구나."
"87","툭탁하문 거짓말이라니 정말 믿음이 안가는구나.","툭하면 거짓말이라니 정말 믿음이 안가는구나."
"88","형은 툭탁하문 말을 안듣는 말을 안듣는다고 동생을 쥐어박는다.","형은 툭하면 말을 안듣는 말을 안듣는다고 동생을 쥐어박는다."
"89","너희는 툭탁하문 말싸움을 하니?","너희는 툭하면 말싸움을 하니?"
"90","너는 툭탁하문 토라지니 무슨 말을 걸기도 겁난다.","너는 툭하면 토라지니 무슨 말을 걸기도 겁난다."
"91","사십육 토마토 톰배기 토매끼.","사십육 토마토 톰배기 토매끼."
"92","오늘은 톰배기를 갈아서 주스로 마셔야겠어.","오늘은 토마토를 갈아서 주스로 마셔야겠어."
"93","톰배기를 썰고 그 위에 설탕을 뿌리면 맛은 좋지만 영양가는 떨어져.","토마토를 썰고 그 위에 설탕을 뿌리면 맛은 좋지만 영양가는 떨어져."
"94","자슨 텃밭에 톰배기와 참외를 심었다.","자슨 텃밭에 토마토와 참외를 심었다."
"95","톰배기가 잘 익었는지 색이 참 곱구나.","토마토가 잘 익었는지 색이 참 곱구나."
"96","나는 아침마다 톰배기를 하나씩 먹는다.","나는 아침마다 토마토를 하나씩 먹는다."
"97","케첩은 톰배기 식초 소금 그리고 기타의 천연 항로 향료로 만들어져.","케첩은 토마토 식초 소금 그리고 기타의 천연 항로 향료로 만들어져."
"98","철분의 보충을 위해서는 계한이나 톰배기 등을 섭취하는 게 좋아.","철분의 보충을 위해서는 계한이나 토마토 등을 섭취하는 게 좋아."
"99","톰배기를 다져 놓은 것을 넣고 약불에 살짝 졸여야 해.","토마토를 다져 놓은 것을 넣고 약불에 살짝 졸여야 해."
"100","샌드위치를 만드는데 필요한 피클이나 톰배기는 미리 썰어두자.","샌드위치를 만드는데 필요한 피클이나 토마토는 미리 썰어두자."
"101","이인분 정도의 스파게티 소스에는 톰배기가 몇 개나 들어가지?","이인분 정도의 스파게티 소스에는 토마토가 몇 개나 들어가지?"
"102","사십칠 터트리다 터주쿠다 터지쿠다 터추다 터추쿠다.","사십칠 터트리다 터주쿠다 터지쿠다 터추다 터추쿠다."
"103","아이는 울먹울먹한 표정을 짓더니 와락 울음을 터주쿠었다.","아이는 울먹울먹한 표정을 짓더니 와락 울음을 터트리었다."
"104","그는 기쁜 소식을 들었는지 사람들 사이에서 함성을 터주쿠기 시작했다.","그는 기쁜 소식을 들었는지 사람들 사이에서 함성을 터트리기 시작했다."
"105","파티가 끝나고 사람들은 풍선을 뻥뻥거리며 터주쿠기 시작했다.","파티가 끝나고 사람들은 풍선을 뻥뻥거리며 터트리기 시작했다."
"106","그는 울분에 찬 표정으로 분통을 터주쿠고 있다.","그는 울분에 찬 표정으로 분통을 터트리고 있다."
"107","재미있는 이야기도 이야기라도 들었는지 모두 폭소를 터주쿠고 있다.","재미있는 이야기도 이야기라도 들었는지 모두 폭소를 터트리고 있다."
"108","선제골을 먹히자 모두 한마음으로 야유를 터주쿠었다.","선제골을 먹히자 모두 한마음으로 야유를 터트리었다."
"109","그가 기분 좋은 웃음을 터주쿠자 난 또 따라 웃게 되었다.","그가 기분 좋은 웃음을 터트리자 난 또 따라 웃게 되었다."
"110","아버지 아버지는 화가 나셨는지 노성을 터주쿠였다.","아버지 아버지는 화가 나셨는지 노성을 터트리였다."
"111","그는 타이밍 맞게 폭탄을 터주쿠기 위해 숨을 죽인 채 지켜보고 있다.","그는 타이밍 맞게 폭탄을 터트리기 위해 숨을 죽인 채 지켜보고 있다."
"112","다트로 폭 풍선을 터주쿠면서 스트레스를 풀고 있다.","다트로 폭 풍선을 터트리면서 스트레스를 풀고 있다."
"113","사십팔 국수 국시.","사십팔 국수 국시."
"114","너는 무슨 국시를 좋아해?","너는 무슨 국수를 좋아해?"
"115","기왕이면 국시 대신 밥을 먹자.","기왕이면 국수 대신 밥을 먹자."
"116","음식점에 간 우리는 국시를 한 그릇씩 먹었다.","음식점에 간 우리는 국수를 한 그릇씩 먹었다."
"117","국시 위에 흰색 노란색 고명을 보기 좋게 얹었다.","국수 위에 흰색 노란색 고명을 보기 좋게 얹었다."
"118","그는 배가 고팠는지 국시 한 사발을 금방 비웠다.","그는 배가 고팠는지 국수 한 사발을 금방 비웠다."
"119","엄마는 막 삶아 낸 국시에 장국을 부어 식탁에 올렸다.","엄마는 막 삶아 낸 국수에 장국을 부어 식탁에 올렸다."
"120","그 가게는 잔치(국시가)/(국수가) 정말 맛있어.","그 가게는 잔치(국시가)/(국수가) 정말 맛있어."
"121","난 국시 먹을건데 넌 뭘 먹을래?","난 국수 먹을건데 넌 뭘 먹을래?"
"122","추운 날에 따끈한 국시 한 그릇이면 속이 풀리지.","추운 날에 따끈한 국수 한 그릇이면 속이 풀리지."
"123","고기와 함께 먹는 김치말이 국시가 깔끔하니 좋지.","고기와 함께 먹는 김치말이 국수가 깔끔하니 좋지."
"124","사십구 콜록 콜로덕.","사십구 콜록 콜로덕."
"125","아이가 감기에 걸렸는지 콜로덕 기침을 한다.","아이가 감기에 걸렸는지 콜록 기침을 한다."
"126","조용한 가운데 가끔 콜로덕하는 소리가 났다.","조용한 가운데 가끔 콜록하는 소리가 났다."
"127","할머니는 가슴이 답답하고 괴로운 듯 계속 콜로덕거리셨다.","할머니는 가슴이 답답하고 괴로운 듯 계속 콜록거리셨다."
"128","환절기에 감기에 걸려 콜로덕거리는 모습이 안쓰럽다.","환절기에 감기에 걸려 콜록거리는 모습이 안쓰럽다."
"129","황사가 걷혀 가는 듯 하지만 아직 콜로덕대는 사람이 꽤 많다.","황사가 걷혀 가는 듯 하지만 아직 콜록대는 사람이 꽤 많다."
"130","할아버지께서 밤새 콜로덕거리시는 걸 보니 어딘가 편찮으신가 보다.","할아버지께서 밤새 콜록거리시는 걸 보니 어딘가 편찮으신가 보다."
"131","당황스러운 마음에 괜스레 마른 기침만을 콜로덕거렸다.","당황스러운 마음에 괜스레 마른 기침만을 콜록거렸다."
"132","아이가 춥다고 말한지 얼마 지나지않아 기침을 콜로덕하기 시작했다.","아이가 춥다고 말한지 얼마 지나지않아 기침을 콜록하기 시작했다."
"133","그는 너무 긴장한 나머지 그만 콜로덕 기침을 하고 말았다.","그는 너무 긴장한 나머지 그만 콜록 기침을 하고 말았다."
"134","아이의 입에서 콜로덕콜로덕 새된 기침이 나올 때 마다 내가 다 숨이 찼다.","아이의 입에서 콜록콜록 새된 기침이 나올 때 마다 내가 다 숨이 찼다."
"135","오십 고집 코빼기.","오십 고집 코빼기."
"136","에이 괜한 코빼기부리기는.","에이 괜한 고집부리기는."
"137","그사람 코빼기가 꼭 돌부처로군.","그사람 고집가 꼭 돌부처로군."
"138","그는 뭐든지 자기 코빼기대로 한다.","그는 뭐든지 자기 고집대로 한다."
"139","코빼기 피우지 말고 한 번 생각 해봐.","고집 피우지 말고 한 번 생각 해봐."
"140","그렇게 바싹 코빼기 세워도 소용없어.","그렇게 바싹 고집 세워도 소용없어."
"141","가만히 살펴보니 너도 꼬 꽤 코빼기가 세구나.","가만히 살펴보니 너도 꼬 꽤 고집 세구나."
"142","아이가 순해서 좀처럼 코빼기를 부리지 않는다.","아이가 순해서 좀처럼 고집를 부리지 않는다."
"143","동생은 쇠(코빼기라서)/(고집라서) 아무도 코빼기를 못 꺼꺾는다.","동생은 쇠(코빼기라서)/(고집라서) 아무도 고집를 못 꺼꺾는다."
"144","코빼기를 꺾지 않고 자기가 옳다고 바싹바싹 우겨 댄다.","고집를 꺾지 않고 자기가 옳다고 바싹바싹 우겨 댄다."
"145","그 애는 얼마나 코빼기가 센지 내가 그 애에게 지고 말았다.","그 애는 얼마나 고집가 센지 내가 그 애에게 지고 말았다."
"146","오십일 측은하다 칙은덕하다.","오십일 측은하다 칙은덕하다."
"147","그의 딱한 사정을 듣고 보니 문득 칙은덕허음 칙은덕한 생각이 들었다.","그의 딱한 사정을 듣고 보니 문득 측은허음 측은한 생각이 들었다."
"148","사고를 사고로 부모를 잃은 아이가 칙은덕해서 못견디겠어.","사고를 사고로 부모를 잃은 아이가 측은해서 못견디겠어."
"149","축 처진 조그마한 어깨가 볼수록 칙은덕했다.","축 처진 조그마한 어깨가 볼수록 측은했다."
"150","터덜터덜 걸어가는 그의 뒷모습이 몹시 칙은덕해 보였다.","터덜터덜 걸어가는 그의 뒷모습이 몹시 측은해 보였다."
"151","그의 눈길에는 단순한 칙은덕함 이상의 애정이 배어 있었다.","그의 눈길에는 단순한 측은함 이상의 애정이 배어 있었다."
"152","책을 펴고 잠이 든 아들의 뒷모습이 칙은덕하기만 하다.","책을 펴고 잠이 든 아들의 뒷모습이 측은하기만 하다."
"153","막상 그 이야기를 듣고 보니 그녀가 칙은덕하게 느껴졌다.","막상 그 이야기를 듣고 보니 그녀가 측은하게 느껴졌다."
"154","사소한 일에도 혼자 께름찍 해하는 그를 보자 칙은덕한 생각이 들었다.","사소한 일에도 혼자 께름찍 해하는 그를 보자 측은한 생각이 들었다."
"155","술에 절어 신세한탄하는 그가 칙은덕해 보였다.","술에 절어 신세한탄하는 그가 측은해 보였다."
"156","칙은덕한 그의 모습에 마음이 쓰인다.","측은한 그의 모습에 마음이 쓰인다."
"157","오십이 처음 츰 츠음.","오십이 처음 츰 츠음."
"158","책을 츰부터 끝까지 다 읽었다.","책을 처음부터 끝까지 다 읽었다."
"159","너는 츰 보는 낯선 얼굴이구나.","너는 처음 보는 낯선 얼굴이구나."
"160","이런 일은 생전 츰 겪는 일이다.","이런 일은 생전 처음 겪는 일이다."
"161","츰에는 그렇게 생각했는데 나중에 보니 그게 아니었다.","처음에는 그렇게 생각했는데 나중에 보니 그게 아니었다."
"162","츰 보는 희한한 물건인데 어디에 쓰는거야?","처음 보는 희한한 물건인데 어디에 쓰는거야?"
"163","너는 츰부터 계획적이었구나.","너는 처음부터 계획적이었구나."
"164","이번 겨울 들어 츰 내리는 눈이다.","이번 겨울 들어 처음 내리는 눈이다."
"165","나도 이런 자리는 츰이라 이 분위기가 너무 서먹하다.","나도 이런 자리는 처음이라 이 분위기가 너무 서먹하다."
"166","그 아이는 나의 츰이자 마지막 사랑이었다.","그 아이는 나의 처음이자 마지막 사랑이었다."
"167","츰에는 잘하는 것 같더니 마무리는 엉망이구나.","처음에는 잘하는 것 같더니 마무리는 엉망이구나."
"168","오십삼 처마 초시매 초수매.","오십삼 처마 초시매 초수매."
"169","두 남녀는 비를 피해 초시매 밑으로 뛰어 들어갔다.","두 남녀는 비를 피해 처마 밑으로 뛰어 들어갔다."
"170","빨래 줄을 초시매 밑에 매고 빨래를 널었다.","빨래 줄을 처마 밑에 매고 빨래를 널었다."
"171","초시매 끝에 매달린 고드름이 크기도 하구나.","처마 끝에 매달린 고드름이 크기도 하구나."
"172","제비가 초시매 끝에 집을 지었었다.","제비가 처마 끝에 집을 지었었다."
"173","초시매 끝에 매달린 등불이 바람에 흔들린다","처마 끝에 매달린 등불이 바람에 흔들린다"
"174","초시매 밑에 메주를 덩이덩이 매달아 놓았다.","처마 밑에 메주를 덩이덩이 매달아 놓았다."
"175","밤사이 비가 왔는지 초시매에서 토도독토도독 물떨지 물 떨어지는 소리가 들렸다.","밤사이 비가 왔는지 처마에서 토도독토도독 물떨지 물 떨어지는 소리가 들렸다."
"176","초시매 밑 그림자가 진 곳에 한 아이가 서 있었다.","처마 밑 그림자가 진 곳에 한 아이가 서 있었다."
"177","제비가 우리집 초시매 밑에 깃들여 새끼를 낳았다.","제비가 우리집 처마 밑에 깃들여 새끼를 낳았다."
"178","초시매 밑에는 옥수수와 국거리 시래기가 걸려 있었다.","처마 밑에는 옥수수와 국거리 시래기가 걸려 있었다."
"179","오십사 청개구리 청개구락지 청개고리 청깨고리","오십사 청개구리 청개구락지 청개고리 청깨고리"
"180","챙청깨고락지 청개고락지 창깨고리.","챙청깨고락지 청개고락지 창깨고리."
"181","다시는 안싸우겠다고 약속했으면서 틈만 나면 동생을 때리다니","다시는 안싸우겠다고 약속했으면서 틈만 나면 동생을 때리다니"
"182","청개구락지가 따로 없구나.","청개구리가 따로 없구나."
"183","아버지는 물기 맑은 풀잎에서 폴짝 뛰어오르는 한 마리의","아버지는 물기 맑은 풀잎에서 폴짝 뛰어오르는 한 마리의"
"184","청개구락지를 손바닥에 올려놓았다.","청개구리를 손바닥에 올려놓았다."
"185","그 녀석은 꼭 청개구락지 처럼 제 엄마 말은 하나도 듣질 않는다.","그 녀석은 꼭 청개구리 처럼 제 엄마 말은 하나도 듣질 않는다."
"186","초록빛 청개구락지가 여름 한낮에 쨍쨍 울어대고 있었 있다.","초록빛 청개구리가 여름 한낮에 쨍쨍 울어대고 있었 있다."
"187","청개구락지는 주위 환경에 따라 몸색깔이 변하지만 보통 녹색이다.","청개구리는 주위 환경에 따라 몸색깔이 변하지만 보통 녹색이다."
"188","청개구락지가 입을 뻐끔댄다.","청개구리가 입을 뻐끔댄다."
"189","황소개구락지는 청개구락지에 비해 큰 몸집을 가지고 있다.","황소개구락지는 청개구리에 비해 큰 몸집을 가지고 있다."
"190","청개구락지가 불시에 튀어올라 얼굴에 닿자 그는 소리를 지르고 말았다.","청개구리가 불시에 튀어올라 얼굴에 닿자 그는 소리를 지르고 말았다."
"191","노래라도 하는 것인지 청개구락지의 울음 소리가 멈추지를 않는다.","노래라도 하는 것인지 청개구리의 울음 소리가 멈추지를 않는다."
"192","친구 녀석은 청꾸 청개구락지를 잡겠다며 도랑가로 달려갔다.","친구 녀석은 청꾸 청개구리를 잡겠다며 도랑가로 달려갔다."
"193","오십오 척하면 척하문 척보문.","오십오 척하면 척하문 척보문."
"194","우리 사이에 척하문 알아들어야지.","우리 사이에 척하면 알아들어야지."
"195","척하문 착이지 꼭 물어보아야 아나?","척하면 척이지 꼭 물어보아야 아냐?"
"196","서로 말은 안했지만 눈치가 척하문 삼천리다.","서로 말은 안했지만 눈치가 척하면 삼천리다."
"197","모르면 모른다 해야지 아는 척하문 안된다.","모르면 모른다 해야지 아는 척하면 안된다."
"198","친한 척하문서 뒤로는 호박씨를 까고 있었구나.","친한 척하면서 뒤로는 호박씨를 까고 있었구나."
"199","살살 기는 척하문서 뒤로는 칼을 갈고있을지 어떻게 알겠어.","살살 기는 척하면서 뒤로는 칼을 갈고있을지 어떻게 알겠어."
"200","이용당하는 척하문서 역이용할 수 있으리라고 기대하고 있는거 아니야?","이용당하는 척하면서 역이용할 수 있으리라고 기대하고 있는거 아니야?"
"201","알면서도 모른(척하문서)/(척하면서) 시치미를 뗐다.","알면서도 모른(척하문서)/(척하면서) 시치미를 뗐다."
"202","경찰은 겉으로는 무관심 척하문서 주위를 흘끗흘끗 살펴보고있다.","경찰은 겉으로는 무관심 척하면서 주위를 흘끗흘끗 살펴보고있다."
"203","그는 열심히 일하는 척하문서 몰래몰래 딴짓하는 동료들이 못마땅했다.","그는 열심히 일하는 척하면서 몰래몰래 딴짓하는 동료들이 못마땅했다."
"204","오십육 참외 참우 참위.","오십육 참외 참우 참위."
"205","그는 들고 온 바구니 속에서 칼과 참우를 꺼내어 껍질을 쭉쭉 밀어 내듯 깎았다.","그는 들고 온 바구니 속에서 칼과 참외를 꺼내어 껍질을 쭉쭉 밀어 내듯 깎았다."
"206","우리 집 참우 맛이 꿀맛이다.","우리 집 참외 맛이 꿀맛이다."
"207","과일 가게에 늘어놓은 참우들이 탐스러워 보인다.","과일 가게에 늘어놓은 참외들이 탐스러워 보인다."
"208","그는 참우 하나를 옷에 쓱쓱 문지르더니 베어먹기 시작했다.","그는 참외 하나를 옷에 쓱쓱 문지르더니 베어먹기 시작했다."
"209","닳아빠진 모자를 쓴채 뙤약볕 밑에서 참우를 따는 중이다.","닳아빠진 모자를 쓴채 뙤약볕 밑에서 참외를 따는 중이다."
"210","아저씨는 봄 내 온 정성을 참우에 기울였다.","아저씨는 봄 내 온 정성을 참외에 기울였다."
"211","참우 넝쿨이 밭에 골짜기마다 뻗어있다.","참외 넝쿨이 밭에 골짜기마다 뻗어있다."
"212","옆 집에서 참우를 세 쿠리나 가져오셨다.","옆 집에서 참외를 세 쿠리나 가져오셨다."
"213","참우는 노란 세로띠가 진할 수록 당도가 높다.","참외는 노란 세로띠가 진할 수록 당도가 높다."
"214","그는 시원한 계곡물에 참우와 수박을 담갔다.","그는 시원한 계곡물에 참외와 수박을 담갔다."
"215","오십이 천천히 찬차히 찬창이.","오십이 천천히 찬차히 찬창이."
"216","묵묵히 듣고 앉아있던 어머니가 찬차히 말을 꺼냈다.","묵묵히 듣고 앉아있던 어머니가 천천히 말을 꺼냈다."
"217","빨리는 커녕 찬차히도 못걷겠다.","빨리는 커녕 천천히도 못걷겠다."
"218","그렇게 찬차히 걷다가는 지각할걸.","그렇게 천천히 걷다가는 지각할걸."
"219","급한 일일수록 찬차히 돌아가는게 좋아.","급한 일일수록 천천히 돌아가는게 좋아."
"220","그녀는 머리를 풀더니 손가락으로 머리카락을 찬차히 쓸었다.","그녀는 머리를 풀더니 손가락으로 머리카락을 천천히 쓸었다."
"221","그는 선반 위의 상자를 내려 어깨에 걸치고 찬차히 밖으로 나갔다.","그는 선반 위의 상자를 내려 어깨에 걸치고 천천히 밖으로 나갔다."
"222","설탕이 녹을 때까지 찻숟가락으로 찬차히 커피를 저어봐.","설탕이 녹을 때까지 찻숟가락으로 천천히 커피를 저어봐."
"223","빙판에 미끄러진 아이는 아무렇지도 않은 듯 찬차히 일어섰다.","빙판에 미끄러진 아이는 아무렇지도 않은 듯 천천히 일어섰다."
"224","그는 시선을 정면으로 향하고 입을 굳게 다문 채 찬차히 걸어가고 있었다.","그는 시선을 정면으로 향하고 입을 굳게 다문 채 천천히 걸어가고 있었다."
"225","지금은 감정이 격해졌으니 시간을 갖고 찬차히 생각해보자.","지금은 감정이 격해졌으니 시간을 갖고 천천히 생각해보자."
"226","오십팔 지렁이 찔깡이 찔꽁이 찔꿩이","오십팔 지렁이 찔깡이 찔꽁이 찔꿩이"
"227","찔겡이 찔공이 찌링이.","찔겡이 찔공이 찌링이."
"228","찔깡이가 꿈틀꿈틀 기어 다닌다.","지렁이가 꿈틀꿈틀 기어 다닌다."
"229","찔깡이 함부로 밟지마라.","지렁이 함부로 밟지마라."
"230","찔깡이의 배설물은 토양을 부드럽게 해준다.","지렁이의 배설물은 토양을 부드럽게 해준다."
"231","비가 그친 뒤에는 길 위에 찔깡이가 쉽게 보인다.","비가 그친 뒤에는 길 위에 지렁이가 쉽게 보인다."
"232","마당 한 쪽 구석에는 찔깡이가 기어다니 기어가고 있다.","마당 한 쪽 구석에는 지렁이가 기어다니 기어가고 있다."
"233","밭을 멨더니 찔깡이가 구물거리며 나왔다.","밭을 멨더니 지렁이가 구물거리며 나왔다."
"234","찔깡이의 몸은 수십 개의 마디로 이루어져 있다.","지렁이의 몸은 수십 개의 마디로 이루어져 있다."
"235","땅 속의 찔깡이는 산 미생물을 흙과 함께 먹고 산다.","땅 속의 지렁이는 산 미생물을 흙과 함께 먹고 산다."
"236","아이는 찔깡이가 꿈틀대며 가는 것을 신기하게 바라보고 있다.","아이는 지렁이가 꿈틀대며 가는 것을 신기하게 바라보고 있다."
"237","미끼로 쓰려고 통에 담아온 찔깡이들이 꿈지럭거리고 있다.","미끼로 쓰려고 통에 담아온 지렁이들이 꿈지럭거리고 있다."
"238","오십구 찌꺼기 찌끄레기 찌끄러기 찌꺼지","오십구 찌꺼기 찌끄레기 찌끄러기 찌꺼지"
"239","찌꺼리 찌겡이 찌거리.","찌꺼리 찌겡이 찌거리."
"240","물독은 비어있고 바닥에 찌끄레기가 가라앉아 있었다.","물독은 비어있고 바닥에 찌꺼기가 가라앉아 있었다."
"241","한약을 짜고 난 찌끄레기를 거름으로 쓰면 식물이 잘 자란다.","한약을 짜고 난 찌꺼기를 거름으로 쓰면 식물이 잘 자란다."
"242","공장에서 마구 쏟아내는 기름 찌꺼기 찌끄레기 때문에 땅을 망쳤단 말이야.","공장에서 마구 쏟아내는 기름 찌꺼기 찌꺼기 때문에 땅을 망쳤단 말이야."
"243","체 밑에 가라앉은 찌끄레기를 걷어냈다.","체 밑에 가라앉은 찌꺼기를 걷어냈다."
"244","음식 찌끄레기를 퇴비해 쓰면 쓰레기를 줄일 수 있다.","음식 찌꺼기를 퇴비해 쓰면 쓰레기를 줄일 수 있다."
"245","간밤에 고양이가 쓰레기통에 있던 음식물 찌끄레기를 파헤쳐 놓았다.","간밤에 고양이가 쓰레기통에 있던 음식물 찌꺼기를 파헤쳐 놓았다."
"246","좋은 것들은 남들이 다 골라가고 찌끄레기만 남았네요.","좋은 것들은 남들이 다 골라가고 찌꺼기만 남았네요."
"247","이전의 그 맑던 하천은 온갖 더러운 찌끄레기 구정물만 흘러가는 개천으로 변했다.","이전의 그 맑던 하천은 온갖 더러운 찌꺼기 구정물만 흘러가는 개천으로 변했다."
"248","와이셔츠나 블라우스에 묻은 볼펜 찌끄레기는 물파스로 슥슥 문질러주면 없어진다.","와이셔츠나 블라우스에 묻은 볼펜 찌꺼기는 물파스로 슥슥 문질러주면 없어진다."
"249","까마귀들이 내려앉아 밥(찌끄레기를)/(찌꺼기를) 쪼아 먹고 있다.","까마귀들이 내려앉아 밥(찌끄레기를)/(찌꺼기를) 쪼아 먹고 있다."
"250","육십 주름살 쭈굼살 쭈굼사리 쭈기럼살","육십 주름살 쭈굼살 쭈굼사리 쭈기럼살"
"251","쭈럼살 쭈굴살 쭈굴음살 쭈구룸살.","쭈럼살 쭈굴살 쭈굴음살 쭈구룸살."
"252","그는 젊어서 고생을 많이 했는지 얼굴에 쭈굼살이 가득했다.","그는 젊어서 고생을 많이 했는지 얼굴에 주름살이 가득했다."
"253","쭈굼살이 생기는 것도 노화의 증세이다.","주름살이 생기는 것도 노화의 증세이다."
"254","백열등에 비친 그의 얼굴은 더욱 쭈굼살이 깊어 보였다.","백열등에 비친 그의 얼굴은 더욱 주름살이 깊어 보였다."
"255","어느새 나이가 들어 머리칼이 희끗거리고 쭈굼살도 하나둘 생겼다.","어느새 나이가 들어 머리칼이 희끗거리고 주름살도 하나둘 생겼다."
"256","긴 손마디에는 쭈굼살이 깊게 꿰여있다 패여있다.","긴 손마디에는 주름살이 깊게 꿰여있다 패여있다."
"257","할머니의 얼굴에는 고랑처럼 깊은 쭈굼살이 가득했다.","할머니의 얼굴에는 고랑처럼 깊은 주름살이 가득했다."
"258","동안이었던 그도 사십이 넘자 얼굴에 쭈굼살이 생기기 시작했다.","동안이었던 그도 사십이 넘자 얼굴에 주름살이 생기기 시작했다."
"259","세월이 남겨 놓은 깊은 쭈굼살과 투박한 손이 눈에 들어왔다.","세월이 남겨 놓은 깊은 주름살과 투박한 손이 눈에 들어왔다."
"260","그는 쭈굼살 깊은 아버지께 자신의 일로 근심을 더해드렸다며 슬퍼했다.","그는 주름살 깊은 아버지께 자신의 일로 근심을 더해드렸다며 슬퍼했다."
"261","그의 얼굴은 쭈굼(주름) 쭈굼살 하나 없는 백옥과 같았다.","그의 얼굴은 쭈굼(주름) 주름살 하나 없는 백옥과 같았다."
"262","육십일 조금 쬐꼼 쬐꿈 쬐끔","육십일 조금 쬐꼼 쬐꿈 쬐끔"
"263","쪼매이 쪼매 쪼끄매이.","쪼매이 쪼매 쪼끄매이."
"264","남은 음식이 쬐꼼 밖에 없으니 아껴 먹어라.","남은 음식이 조금 밖에 없으니 아껴 먹어라."
"265","소금은 쬐끔만 넣는 것이 건강에 좋다.","소금은 조금만 넣는 것이 건강에 좋다."
"266","그는 급한 성격에 쬐꼼을 기다리지 못하고 가 버렸다.","그는 급한 성격에 조금을 기다리지 못하고 가 버렸다."
"267","소리를 쬐꼼 더 키워주지 않겠니?","소리를 조금 더 키워주지 않겠니?"
"268","쬐꼼 있으면 자리 하나쯤은 나지않을까?","조금 있으면 자리 하나쯤은 나지않을까?"
"269","그는 양보할 생각에 쬐꼼도 없는지 굳은 얼굴로 마주 앉아있었다.","그는 양보할 생각에 조금도 없는지 굳은 얼굴로 마주 앉아있었다."
"270","쬐끔만 다듬으면 좋은 글이 되겠어.","조금만 다듬으면 좋은 글이 되겠어."
"271","쬐꼼 쉬라고 했더니 아예 잠을 자는구나.","조금 쉬라고 했더니 아예 잠을 자는구나."
"272","떨어져 봤자 쬐꼼 다치기 밖에 더하겠어?","떨어져 봤자 조금 다치기 밖에 더하겠어?"
"273","그 학생은 쬐끔만 더 열슴하면 연습하면 잘할 것 같아요.","그 학생은 조금만 더 열슴하면 연습하면 잘할 것 같아요."
"274","육십이 조개 짜박 짜복 짜북.","육십이 조개 짜박 짜복 짜북."
"275","오늘은 갯벌에 나가 짜박을 주워야 겠다.","오늘은 갯벌에 나가 조개을 주워야 겠다."
"276","바위에 짜박들이 따닥따닥 붙어 있다.","바위에 조개들이 따닥따닥 붙어 있다."
"277","짜박을 해감하려면 소금물에 담가 놓아야 해.","조개을 해감하려면 소금물에 담가 놓아야 해."
"278","갯벌에서 짜박 짜박을 캐려다 발이 빠져 옴짝달짝을 못 했다.","갯벌에서 조개 조개을 캐려다 발이 빠져 옴짝달짝을 못 했다."
"279","그녀의 목에는 짜박껍데기로 만든 예쁜 목걸이가 걸려 있었다.","그녀의 목에는 조개껍데기로 만든 예쁜 목걸이가 걸려 있었다."
"280","짜박을 깨끗이 씻지 않았는지 자꾸 모래가 씹혔다.","조개을 깨끗이 씻지 않았는지 자꾸 모래가 씹혔다."
"281","대부분의 짜박은 껍질이 매끈거리기 마련인데 꼬막의 껍질은 많은 골이 패어 있다.","대부분의 조개은 껍질이 매끈거리기 마련인데 꼬막의 껍질은 많은 골이 패어 있다."
"282","한 번 닫힌 입이 짜박처럼 쉽게 열리지 않는다.","한 번 닫힌 입이 조개처럼 쉽게 열리지 않는다."
"283","우리 가족은 지난 주말에 갯벌에서 짜박을 캤다.","우리 가족은 지난 주말에 갯벌에서 조개을 캤다."
"284","불판 위의 짜박들이 하나둘 입을 열기 시작했다.","불판 위의 조개들이 하나둘 입을 열기 시작했다."
"285","육십삼 짜다 짜겁다 짜갭다 짜굽다 짜급다.","육십삼 짜다 짜겁다 짜갭다 짜굽다 짜급다."
"286","저녁을 너무 짜겁게 먹었는지 자꾸 물을 마시고 싶다.","저녁을 너무 짜게 먹었는지 자꾸 물을 마시고 싶다."
"287","국이 너무 짜거워서 아무도 먹지 않았다.","국이 너무 짜서서 아무도 먹지 않았다."
"288","할아버지는 음식을 짜겁게 드신다.","할아버지는 음식을 짜게 드신다."
"289","짜겁고 매운 자극적인 음식들은 피해라.","짜고 매운 자극적인 음식들은 피해라."
"290","저 사람은 부자라도 남을 돕는 일에는 항상 짜겁다.","저 사람은 부자라도 남을 돕는 일에는 항상 짜다."
"291","그는 아주 짜거운 사람이라 친한 친구에게도 밥 한 끼 사는 일이 없었다.","그는 아주 짠 사람이라 친한 친구에게도 밥 한 끼 사는 일이 없었다."
"292","교수님은 학점을 주는 데 짜겁디 짜거운 사람이다.","교수님은 학점을 주는 데 짜디 짠 사람이다."
"293","전화를 받는 사이 국물이 너무 졸아서 매우 짜겁다.","전화를 받는 사이 국물이 너무 졸아서 매우 짜다."
"294","이 집은 음식을 너무 짜겁게 하는 것 같구나.","이 집은 음식을 너무 짜게 하는 것 같구나."
"295","월급이 너무 짜거워 입에 풀칠하기도 힘들다.","월급이 너무 짜서 입에 풀칠하기도 힘들다."
"296","육십사 정말 징말.","육십사 정말 징말."
"297","약속은 징말 지켜야 해.","약속은 정말 지켜야 해."
"298","그 약이 징말 그렇게 효과가 있는지는 알 수 없다.","그 약이 정말 그렇게 효과가 있는지는 알 수 없다."
"299","이거야말로 징말 기가 막힌 일이 아닌가.","이거야말로 정말 기가 막힌 일이 아닌가."
"300","징말 더러워서 못해 먹겠군.","정말 더러워서 못해 먹겠군."
"301","그 병원이 용하다는게 징말이야?","그 병원이 용하다는게 정말이야?"
"302","징말루 오래간만에 비가 내렸다.","정말루 오래간만에 비가 내렸다."
"303","십년 만에 다시 만나게 되어 징말 기쁘다.","십년 만에 다시 만나게 되어 정말 기쁘다."
"304","요즘 먹고살기가 징말 힘들다.","요즘 먹고살기가 정말 힘들다."
"305","너는 징말 고집스럽게도 말을 안듣는구나.","너는 정말 고집스럽게도 말을 안듣는구나."
"306","그가 다시살아난 것은 징말 기적적이다.","그가 다시살아난 것은 정말 기적적이다."
"307","육십오 깃털 짓털 짓터래기 짓터라구.","육십오 깃털 짓털 짓터래기 짓터라구."
"308","오리들이 흩어지며 하얀 짓털들이 공중으로 퍼져올랐다.","오리들이 흩어지며 하얀 깃털들이 공중으로 퍼져올랐다."
"309","짓털만 잔뜩세운 싸움닭 같은 그 꼴이 참으로 우스워 견딜 수가 없었다.","깃털만 잔뜩세운 싸움닭 같은 그 꼴이 참으로 우스워 견딜 수가 없었다."
"310","새들이 짓털에 묻은 아침 이슬을 털어 내며 날아올랐다.","새들이 깃털에 묻은 아침 이슬을 털어 내며 날아올랐다."
"311","갈매기들이 털고 간 짓털이 떨어져 내리듯 고요가 사뿐 내려앉았다.","갈매기들이 털고 간 깃털이 떨어져 내리듯 고요가 사뿐 내려앉았다."
"312","공작새의 짓털은 아름다워서 장식에 많이 쓰였다.","공작새의 깃털은 아름다워서 장식에 많이 쓰였다."
"313","옛날에는 거위의 짓털 끝을 뾰족하게 하여 글을 썼다고 한다.","옛날에는 거위의 깃털 끝을 뾰족하게 하여 글을 썼다고 한다."
"314","풀숲에서 꿩의 짓털을 발견한 사냥꾼은 재빨리 주위를 둘러보았다.","풀숲에서 꿩의 깃털을 발견한 사냥꾼은 재빨리 주위를 둘러보았다."
"315","새장 속에는 노란색 짓털의 새 두마리가 정답게 앉아있었다.","새장 속에는 노란색 깃털의 새 두마리가 정답게 앉아있었다."
"316","산새들의 짓털이 산 여기저기에 수북하다.","산새들의 깃털이 산 여기저기에 수북하다."
"317","그녀는 짓털로 장식된 화려한 부채를 들고 살랑거렸다.","그녀는 깃털로 장식된 화려한 부채를 들고 살랑거렸다."
"318","육십육 집채 집덩이 집데미.","육십육 집채 집덩이 집데미."
"319","집덩이만한 파도가 배를 집어 삼켰다.","집채만한 파도가 배를 집어 삼켰다."
"320","한밤 중 바람이 많이 불더니 집덩이만한 파도가 출렁이더라.","한밤 중 바람이 많이 불더니 집채만한 파도가 출렁이더라."
"321","저 산에는 집덩이만한 바위와 천연적으로 난 굴이 하나 있다더라.","저 산에는 집채만한 바위와 천연적으로 난 굴이 하나 있다더라."
"322","집덩이도 날려 버릴 만큼 무시무시한 태풍이 북상하고 있다.","집채도 날려 버릴 만큼 무시무시한 태풍이 북상하고 있다."
"323","마당에 장작이 집덩이만큼 쌓여있다.","마당에 장작이 집채만큼 쌓여있다."
"324","집덩이만한 파도에 배가 전복되어 인명 및 재산피해가 엄청 컸다.","집채만한 파도에 배가 전복되어 인명 및 재산피해가 엄청 컸다."
"325","내 빚이 졸지에 집덩이만큼 불어나버렸다.","내 빚이 졸지에 집채만큼 불어나버렸다."
"326","물건은 모두 털리고 집덩이만 남았다.","물건은 모두 털리고 집채만 남았다."
"327","집덩이만큼 나무를 모아놨으니 이번 겨울은 걱정하지 않아도 되겠지.","집채만큼 나무를 모아놨으니 이번 겨울은 걱정하지 않아도 되겠지."
"328","집덩이 같은 바위를 옮길 방법은 없는 것일까.","집채 같은 바위를 옮길 방법은 없는 것일까."
"329","짐승 짐성.","짐승 짐성."
"330","그 땅은 사람도 짐성도 살 수 없는 황야였어.","그 땅은 사람도 짐승도 살 수 없는 황야였어."
"331","사람은 궁지에 몰리면 짐성보다도 험해질 수 있지.","사람은 궁지에 몰리면 짐승보다도 험해질 수 있지."
"332","사람의 그림자는 커녕 짐성의 그림자 하나도 보이지 않았어.","사람의 그림자는 커녕 짐승의 그림자 하나도 보이지 않았어."
"333","나는 점점 미쳐가는 한 마리의 짐성 같았다.","나는 점점 미쳐가는 한 마리의 짐승 같았다."
"334","마을에 사나운 짐성이 몰려들기 시작했다.","마을에 사나운 짐승이 몰려들기 시작했다."
"335","사람이 수치를 알지 못하면 짐성과 다를 바가 없지않나.","사람이 수치를 알지 못하면 짐승과 다를 바가 없지않나."
"336","추위에 떠는 작은 짐성이 처량하기 그지없다.","추위에 떠는 작은 짐승이 처량하기 그지없다."
"337","짐성의 울음소리가 온 산에 메아리쳤다.","짐승의 울음소리가 온 산에 메아리쳤다."
"338","사냥꾼은 짐성들이 남긴 자취를 따라 조금씩 산손으로 들어갔다.","사냥꾼은 짐승들이 남긴 자취를 따라 조금씩 산손으로 들어갔다."
"339","산 짐성을 함부로 죽일 수는 없다.","산 짐승을 함부로 죽일 수는 없다."
"340","지팡이 지패이 지파이 지팽히 지피이.","지팡이 지패이 지파이 지팽히 지피이."
"341","할아버지께서 지패이로 땅을 내리짚으셨다.","할아버지께서 지팡이로 땅을 내리짚으셨다."
"342","얼마나 오래 쓴 것인지 지패이에는 손때가 자르르 흐르고 있었다.","얼마나 오래 쓴 것인지 지팡이에는 손때가 자르르 흐르고 있었다."
"343","어둠 속에서 땅을 더부브 더듬으며 지패이를 찾고있다.","어둠 속에서 땅을 더부브 더듬으며 지팡이를 찾고있다."
"344","우리 할아버지는 외출하실 때면 늘 지패이를 찾으신다.","우리 할아버지는 외출하실 때면 늘 지팡이를 찾으신다."
"345","지패이에 의지하여 겨우 산을 내려가고 있다.","지팡이에 의지하여 겨우 산을 내려가고 있다."
"346","그는 화가 났는지 지패이를 마구 휘둘렀다.","그는 화가 났는지 지팡이를 마구 휘둘렀다."
"347","아이는 한 발 두 뒤로 물러나며 지패이를 꼬옥 감아 쥐었다.","아이는 한 발 두 뒤로 물러나며 지팡이를 꼬옥 감아 쥐었다."
"348","그는 대낮 대나무를 다듬으며 지패이를 만들고 있었다.","그는 대낮 대나무를 다듬으며 지팡이를 만들고 있었다."
"349","할아버지는 지패이를 휘휘 내두르며 아이들을 쫒아낸다.","할아버지는 지팡이를 휘휘 내두르며 아이들을 쫒아낸다."
"350","계단을 오른","계단을 오른"
"351","계단을 오르시는 할아버지께서 한 계단씩 지패이를 내짚으셨다.","계단을 오르시는 할아버지께서 한 계단씩 지팡이를 내짚으셨다."
"352","남편의 징거리가 심해서 잠을 자기가 어렵다.","남편의 코골이가 심해서 잠을 자기가 어렵다."
"353","밤이 되면 여기저기서 징거리 소리가 마치 전쟁터 같다.","밤이 되면 여기저기서 코골이 소리가 마치 전쟁터 같다."
"354","징거리 환자에게 유용한 치과적 치료법이 도입되어 몇몇 치과 병원에서 시도되고 있다.","코골이 환자에게 유용한 치과적 치료법이 도입되어 몇몇 치과 병원에서 시도되고 있다."
"355","징거리 증상을 치료하다.","코골이 증상을 치료하다."
"356","그는 징거리 수술을 받았다.","그는 코골이 수술을 받았다."
"357","그는 술을 마시면 늘 징거리를 한다.","그는 술을 마시면 늘 코골이를 한다."
"358","그는 피곤한 날이면 어김없이 징거리를 한다.","그는 피곤한 날이면 어김없이 코골이를 한다."
"359","옆으로 누워서 자면 징거리를 좀 완화 시킬 수 있다.","옆으로 누워서 자면 코골이를 좀 완화 시킬 수 있다."
"360","징거리도 위험하지만 수면 무호흡이 있다면 병원 치료가 요구 된다.","코골이도 위험하지만 수면 무호흡이 있다면 병원 치료가 요구 된다."
"361","징거리가 심한 사람중에 낮에도 피곤함을 호소하는 사람들이 있다.","코골이가 심한 사람중에 낮에도 피곤함을 호소하는 사람들이 있다."
"362","범인의 윤곽을 걸충 파악한다.","범인의 윤곽을 대충 파악한다."
"363","저도 그 야그를 걸충은 들었습니다.","저도 그 이야기를 대충은 들었습니다."
"364","이번 사태는 걸충 넘어갈 일이 아니다.","이번 사태는 대충 넘어갈 일이 아니다."
"365","뭔 일이 벌어질줄 걸충 짐작이 간다.","뭔 일이 벌어질줄 대충 짐작이 간다."
"366","회의에서 나온 의견들은 걸충 이렇습니다.","회의에서 나온 의견들은 대충 이렇습니다."
"367","그는 신문의 앞면을 걸충 훑어보았다.","그는 신문의 앞면을 대충 훑어보았다."
"368","그는 그녀의 이야기를 걸충 간추려 설명하기 시작했다.","그는 그녀의 이야기를 대충 간추려 설명하기 시작했다."
"369","그는 시간에 쫓(개)/(겨) 거울로 걸충 앞모양만 보고 집을 나섰다.","그는 시간에 쫓(개)/(겨) 거울로 대충 앞모양만 보고 집을 나섰다."
"370","농부는 볏단이 얼마나 될지 그 양을 걸충 어림 짐작해 보았다.","농부는 볏단이 얼마나 될지 그 양을 대충 어림 짐작해 보았다."
"371","이사를 가기 위해서 걸충 짐을 꾸려 놓고 용달 -한채- 한 대를 불렀다.","이사를 가기 위해서 대충 짐을 꾸려 놓고 용달 -한채- 한 대를 불렀다."
"372","그 신사는 돈다발을 걸뱅이들에게 내뿌렸다.","그 신사는 돈다발을 거지들에게 내뿌렸다."
"373","그는 몇 해 만에 걸뱅이꼴로 마을에 나타났다.","그는 몇 해 만에 거지꼴로 마을에 나타났다."
"374","허름한 옷차림 때문에 그를 걸뱅이로 오인했다.","허름한 옷차림 때문에 그를 거지로 오인했다."
"375","그는 구걸하러 온 걸뱅이들을 심악스럽게 내쫓았다.","그는 구걸하러 온 거지들을 심악스럽게 내쫓았다."
"376","집이 망해서 돈 한 푼 없는 걸뱅이꼴이 되고 말았다.","집이 망해서 돈 한 푼 없는 거지꼴이 되고 말았다."
"377","걸뱅이들은 부랑자 단속 지시를 내린 것에 대해 항의하는 시위를 벌였다.","거지들은 부랑자 단속 지시를 내린 것에 대해 항의하는 시위를 벌였다."
"378","김 서방은 남은 재산을 다 때려 쓰고 걸뱅이꼴이 되었다.","김 서방은 남은 재산을 다 때려 쓰고 거지꼴이 되었다."
"379","걸뱅이는 애간장을 녹이는 애처로운 소리로 애걸하며 행인에게 매달렸다.","거지는 애간장을 녹이는 애처로운 소리로 애걸하며 행인에게 매달렸다."
"380","하루아침에 벼락부자가 된 걸뱅이는 마을 사람들 보란 듯이 떵떵거리며 살았다.","하루아침에 벼락부자가 된 거지는 마을 사람들 보란 듯이 떵떵거리며 살았다."
"381","그는 재산을 노름으로 모두 탕진해 버려서 지금은 걸뱅이나 다름없는 벌거숭이이다.","그는 재산을 노름으로 모두 탕진해 버려서 지금은 거지나 다름없는 벌거숭이이다."
"382","낡은 수건을 걸레미로 썼다.","낡은 수건을 걸레로 썼다."
"383","걸레미로 바닥을 썩썩 문지르다.","걸레로 바닥을 썩썩 문지르다."
"384","걸레미가 바싹 말라 비틀어져 있다.","걸레가 바싹 말라 비틀어져 있다."
"385","천 조각을 잇대어 걸레미를 만들었다.","천 조각을 잇대어 걸레를 만들었다."
"386","마룻바닥에 묻은 얼룩을 걸레미로 지웠다.","마룻바닥에 묻은 얼룩을 걸레로 지웠다."
"387","그는 엎질러진 우유를 걸레미로 깨끗이 닦았다.","그는 엎질러진 우유를 걸레로 깨끗이 닦았다."
"388","청소하기가 싫은지 걸레미를 만작이며 앉아 있다.","청소하기가 싫은지 걸레를 만지작이며 앉아 있다."
"389","구두는 구두약을 바른 다음 마른(걸레미)/(걸레)로 문질러야 윤이 난다.","구두는 구두약을 바른 다음 마른(걸레미)/(걸레)로 문질러야 윤이 난다."
"390","&name1&이는 걸레미를 빤 구정물을 하수구에 버렸다.","&name1&이는 걸레를 빤 구정물을 하수구에 버렸다."
"391","걸레미를 쥐어짜는 그녀의 손놀림이 억세 보인다.","걸레를 쥐어짜는 그녀의 손놀림이 억세 보인다."
"392","말린 건추를 볶아 대보름에 먹는다.","말린 시래기를 볶아 대보름에 먹는다."
"393","얼마 전까지만 하더라도 건추를 말려 놓은 집이 많았다.","얼마 전까지만 하더라도 시래기를 말려 놓은 집이 많았다."
"394","건추두름이 처마에 걸려 있다.","시래기두름이 처마에 걸려 있다."
"395","예전에는 건추죽으로 끼니를 잇는 집이 많았다.","예전에는 시래기죽으로 끼니를 잇는 집이 많았다."
"396","그는 말하는 것도 촌스럽지만 얼굴도 건추뭉치였다.","그는 말하는 것도 촌스럽지만 얼굴도 시래기뭉치였다."
"397","겨울이면 늘 우리의 밥상에 오르던 음식이 건추찌개였다.","겨울이면 늘 우리의 밥상에 오르던 음식이 시래기찌개였다."
"398","매달린 옥수수며 건추가 한껏 시골집 분위기를 느끼게 한다.","매달린 옥수수며 시래기가 한껏 시골집 분위기를 느끼게 한다."
"399","할머니는 배추의 작은 잎은 버리고 장치만 가려 넣어 -말려- 말려서는 건추를 만드셨다.","할머니는 배추의 작은 잎은 버리고 장치만 가려 넣어 -말려- 말려서는 시래기를 만드셨다."
"400","할머니께서는 건추를 말려 놓았다가 채소가 귀한 겨울철에 쓰시곤 하셨다.","할머니께서는 시래기를 말려 놓았다가 채소가 귀한 겨울철에 쓰시곤 하셨다."
"401","미꾸라지와 건추를 넣고 추탕을 끓이다.","미꾸라지와 시래기를 넣고 추탕을 끓이다."
"402","눈썹이 거멍으로 그린 듯 짙고 뚜렷하다.","눈썹이 숯으로 그린 듯 짙고 뚜렷하다."
"403","빨간 거멍덩이가 담겨 있는 화로가 정겨웠다.","빨간 숯덩이가 담겨 있는 화로가 정겨웠다."
"404","물빛은 더욱 검어져 거멍가루를 뿌려 놓은 듯했다.","물빛은 더욱 검어져 숯가루를 뿌려 놓은 듯했다."
"405","장독대 위에는 거멍과 붉은 고추를 띄운 커다란 간장독이 놓여 있다.","장독대 위에는 숯과 붉은 고추를 띄운 커다란 간장독이 놓여 있다."
"406","거멍 더미는 이내 지나는 바람에 벌겋게 달아올라 커다한 불덩어리가 되었다.","숯 더미는 이내 지나는 바람에 벌겋게 달아올라 커다한 불덩어리가 되었다."
"407","거멍 장사는 아무래도 한겨울을 대목으로 해서 늦가을부터 초봄까지 미처 반년 장사가 못 되었다.","숯 장사는 아무래도 한겨울을 대목으로 해서 늦가을부터 초봄까지 미처 반년 장사가 못 되었다."
"408","그는 산속에서 거멍을 굽는 일로 일생을 보냈지만 행복했다.","그는 산속에서 숯을 굽는 일로 일생을 보냈지만 행복했다."
"409","우리는 겨울밤이면 화로에 거멍을 담아서 고구마를 구워 먹곤 했다.","우리는 겨울밤이면 화로에 숯을 담아서 고구마를 구워 먹곤 했다."
"410","화로에 거멍을 피우다.","화로에 숯을 피우다."
"411","정수리 가운데에 가림배를 타다.","정수리 가운데에 가르마를 타다."
"412","하얀 가림배가 분줄을 띤 듯이 드러났다.","하얀 가르마가 분줄을 띤 듯이 드러났다."
"413","그녀는 딸에게 가림배를 태우고 곱게 빗질을 해 주었다.","그녀는 딸에게 가르마를 태우고 곱게 빗질을 해 주었다."
"414","방으로 들어와 머리를 &name2&네는 정갈하게 앞(가림배)/(가르마)를 타서 뒤로 묶었다.","방으로 들어와 머리를 &name2&네는 정갈하게 앞(가림배)/(가르마)를 타서 뒤로 묶었다."
"415","오른쪽으로 가림배를 타는 것이 더 낫네요.","오른쪽으로 가르마를 타는 것이 더 낫네요."
"416","그 여인의 반듯한 이마와 곧게 탄 가림배에서 그윽한 아름다움이 느껴진다.","그 여인의 반듯한 이마와 곧게 탄 가르마에서 그윽한 아름다움이 느껴진다."
"417","아버지는 거울 앞에서 빗으로 머리의 가림배를 타고 계셨다.","아버지는 거울 앞에서 빗으로 머리의 가르마를 타고 계셨다."
"418","한복을 입을 때에는 앞(가림배)/(가르마)를 해서 머리를 정돈하는 것이 보기에 좋다.","한복을 입을 때에는 앞(가림배)/(가르마)를 해서 머리를 정돈하는 것이 보기에 좋다."
"419","기름을 반지르르하게 바른 머리칼을 가림배 없이 곱게 빗어 넘긴 풍골 좋은 신사가 가게 안으로 들어왔다.","기름을 반지르르하게 바른 머리칼을 가르마 없이 곱게 빗어 넘긴 풍골 좋은 신사가 가게 안으로 들어왔다."
"420","요즘은 가림배 파마가 유행이다.","요즘은 가르마 파마가 유행이다."
"421","저 멀리서 갈때기의 속삭임이 들려온다.","저 멀리서 갈대의 속삭임이 들려온다."
"422","갈때기 스치는 소리가 사그락사그락 들려온다.","갈대 스치는 소리가 사그락사그락 들려온다."
"423","갈때기 사이로 솨 소리와 함께 바람이 지나갔다.","갈대 사이로 솨 소리와 함께 바람이 지나갔다."
"424","지난밤에는 거센 바람과 갈때기가 밤새도록 쓰적거렸다","지난밤에는 거센 바람과 갈대가 밤새도록 쓰적거렸다"
"425","갈때기는 손가락만큼이나 굵고 허리까지 찰 정도로 길었다.","갈대는 손가락만큼이나 굵고 허리까지 찰 정도로 길었다."
"426","대자연의 위력 앞에서 인간은 연약한 갈때기만도 못한 존재이다.","대자연의 위력 앞에서 인간은 연약한 갈대만도 못한 존재이다."
"427","주위는 갈때기들이 키 높이로 자라서 검푸른 밤하늘만 빠끔하게 보일 뿐이다.","주위는 갈대들이 키 높이로 자라서 검푸른 밤하늘만 빠끔하게 보일 뿐이다."
"428","갈때기는 물가나 습지에서 잘 자란다.","갈대는 물가나 습지에서 잘 자란다."
"429","우리는 마른 갈때기를 꺾어 불을 지폈다.","우리는 마른 갈대를 꺾어 불을 지폈다."
"430","갈때기들은 바람에 흔들리며 금색 물결을 이루고 있었다.","갈대들은 바람에 흔들리며 금색 물결을 이루고 있었다."
"431","밤이면 논에서 개고락지가 연방 울어 댄다.","밤이면 논에서 개구리가 연방 울어 댄다."
"432","개고락지 몇 마리가 -물속-물소리에 놀라 풀숲에서 풍덩풍덩 도랑물 속으로 뛰어들었다.","개구리 몇 마리가 -물속-물소리에 놀라 풀숲에서 풍덩풍덩 도랑물 속으로 뛰어들었다."
"433","연못 속으로 개고락지가 뛰어들다.","연못 속으로 개구리가 뛰어들다."
"434","개고락지는 울 때마다 뽈록뽈록하였다.","개구리는 울 때마다 뽈록뽈록하였다."
"435","아는 재빠르게 개고락지를 덮쳐쥐었다.","아이는 재빠르게 개구리를 덮쳐쥐었다."
"436","창문 밖 멀리서 개고락지 소리가 요란하다.","창문 밖 멀리서 개구리 소리가 요란하다."
"437","개고락지 한 마리가 배를 볼록거리며 울고 있다.","개구리 한 마리가 배를 볼록거리며 울고 있다."
"438","개고락지를 해부하기 위해 시험대에 올려놓았다.","개구리를 해부하기 위해 시험대에 올려놓았다."
"439","개고락지의 배가 뿔룩거리는 것을 본 아는 신기해했다.","개구리의 배가 뿔룩거리는 것을 본 아이는 신기해했다."
"440","왕자는 못된 마법에 걸려 개고락지로 변해 있었다.","왕자는 못된 마법에 걸려 개구리로 변해 있었다."
"441","설탕 그릇에 개무들이 득실거린다.","설탕 그릇에 개미들이 득실거린다."
"442","허리가 잘록한 것이 개무허리 같다.","허리가 잘록한 것이 개미허리 같다."
"443","땅에 떨어진 음식에 개무가 바글거린다.","땅에 떨어진 음식에 개미가 바글거린다."
"444","개무가 방 안 여기저기서 기어 다니고 있다.","개미가 방 안 여기저기서 기어 다니고 있다."
"445","개무 새끼 한 마리도 얼씬거리지 못하게 해라.","개미 새끼 한 마리도 얼씬거리지 못하게 해라."
"446","개무, 벌, 물개 등은 군집 생활을 하는 대표적인 생물이다.","개미, 벌, 물개 등은 군집 생활을 하는 대표적인 생물이다."
"447","개무나 꿀벌의 작업 분담은 동물 사회학의 중요한 연구 대상이다.","개미나 꿀벌의 작업 분담은 동물 사회학의 중요한 연구 대상이다."
"448","기다란 선착장은 이제 사람들이 개무 떼 처럼 오글거리면서 터질 것만 같았다.","기다란 선착장은 이제 사람들이 개미 떼 처럼 오글거리면서 터질 것만 같았다."
"449","감옥마다 창에는 쇠창살로 격자가 되어 있어 개무 한 마리 빠져나갈 틈이 없었다.","감옥마다 창에는 쇠창살로 격자가 되어 있어 개미 한 마리 빠져나갈 틈이 없었다."
"450","개무와 베짱이의 우화는 게으름이 어떤 결과를 가져오는지 잘 보여 주었다는 점에서 교훈적이다.","개미와 베짱이의 우화는 게으름이 어떤 결과를 가져오는지 잘 보여 주었다는 점에서 교훈적이다."
"451","네 실력이 개와 이 정도밖에 안 되니?","네 실력이 겨우 이 정도밖에 안 되니?"
"452","개와 돈 몇 푼 얻자고 이 고생을 했단 말인가?","겨우 돈 몇 푼 얻자고 이 고생을 했단 말인가?"
"453","며칠 날밤을 새워 오늘에야 개와 작품을 완성했다.","며칠 날밤을 새워 오늘에야 겨우 작품을 완성했다."
"454","그는 재시험에서 개와 합격했다.","그는 재시험에서 겨우 합격했다."
"455","중환자가 개와 한고비를 넘겼다.","중환자가 겨우 한고비를 넘겼다."
"456","선거에서 개와 십퍼센트의 표를 획득하다.","선거에서 겨우 십퍼센트의 표를 획득하다."
"457","퇴근 시간 직전에 개와 일을 마쳤다.","퇴근 시간 직전에 겨우 일을 마쳤다."
"458","그는 삼수해서 개와 대학에 들어갔다.","그는 삼수해서 겨우 대학에 들어갔다."
"459","사흘간 기승을 부리던 산불을 개와 잡았다.","사흘간 기승을 부리던 산불을 겨우 잡았다."
"460","낑낑거리며 쌀가마니를 개와 쌀독에 넣었다.","낑낑거리며 쌀가마니를 겨우 쌀독에 넣었다."
"461","개짜배기에 벌이 바글거리고 있다.","벌집에 벌이 바글거리고 있다."
"462","꼬챙이로 개짜배기를 쑤시다가 벌에 쏘였다.","꼬챙이로 벌집를 쑤시다가 벌에 쏘였다."
"463","벌 떼가 윙윙하며 개짜배기 주위를 맴돌았다.","벌 떼가 윙윙하며 벌집 주위를 맴돌았다."
"464","개짜배기는 수많은 육각형이 모여 있는 모양이다.","벌집는 수많은 육각형이 모여 있는 모양이다."
"465","꿀을 따기 위해 얼굴에 망사를 쓰고 개짜배기를 열었다.","꿀을 따기 위해 얼굴에 망사를 쓰고 벌집를 열었다."
"466","조용하기만 하던 집안은 개짜배기를 쑤셔 놓은 것 같았다.","조용하기만 하던 집안은 벌집를 쑤셔 놓은 것 같았다."
"467","납은 꿀벌의 개짜배기를 만드는 주성분이다.","납은 꿀벌의 벌집를 만드는 주성분이다."
"468","우리는 개짜배기에서 떨어지는 꿀방울을 핥아먹었다.","우리는 벌집에서 떨어지는 꿀방울을 핥아먹었다."
"469","개짜배기를 건드려 도망가는 그를 벌들이 욍욍거리며 쫓아갔다.","벌집를 건드려 도망가는 그를 벌들이 욍욍거리며 쫓아갔다."
"470","도둑이 들었던 집안은 개짜배기를 쑤셔 놓은 것처럼 어질러져 있었다.","도둑이 들었던 집안은 벌집를 쑤셔 놓은 것처럼 어질러져 있었다."
"471","오늘 못한 나문지는 내일 하도록 하죠.","오늘 못한 나머지는 내일 하도록 하죠."
"472","월급에서 생활비를 제외한 나문지는 모두 저축한다.","월급에서 생활비를 제외한 나머지는 모두 저축한다."
"473","이 돈으로 먼저 등록금을 내고 나문지로는 책을 사라.","이 돈으로 먼저 등록금을 내고 나머지로는 책을 사라."
"474","나문지 것들은 자기가 치웠다네.","나머지 것들은 자기가 치웠다네."
"475","나문지 돈은 다음 달 계산일에 갚겠소.","나머지 돈은 다음 달 계산일에 갚겠소."
"476","나문지는 냉큼 이곳을 피해 대원들과 합류하시오.","나머지는 냉큼 이곳을 피해 대원들과 합류하시오."
"477","보조금은 일부이고 나문지는 자부담으로 해야 한다.","보조금은 일부이고 나머지는 자부담으로 해야 한다."
"478","이달은 봉급에서 가불한 돈을 빼고 나문지 차액만 지급했다.","이달은 봉급에서 가불한 돈을 빼고 나머지 차액만 지급했다."
"479","오늘은 한 사람만이 결원하고 나문지는 빠짐없이 참석하였다.","오늘은 한 사람만이 결원하고 나머지는 빠짐없이 참석하였다."
"480","책장 맨 아래 칸에만 책이 꽂혀 있고 나문지 는 텅 비어 있다.","책장 맨 아래 칸에만 책이 꽂혀 있고 나머지 는 텅 비어 있다."
"481","소문에 의하면 그가 채집했던 나뱅이 중에 몇 가지가 우리나라에서 처음 발견된 것으로 학계에 보고됐다는 것이다.","소문에 의하면 그가 채집했던 나방 중에 몇 가지가 우리나라에서 처음 발견된 것으로 학계에 보고됐다는 것이다."
"482","창문에 나뱅이가 날아와 앉았다.","창문에 나방가 날아와 앉았다."
"483","가로등 아래에는 나뱅이들이 부글거리고 날아다니고 있었다.","가로등 아래에는 나방들이 부글거리고 날아다니고 있었다."
"484","딸(아)/(아이)는 나뱅이가 무섭다며 몸을 사렸다.","딸(아)/(아이)는 나방가 무섭다며 몸을 사렸다."
"485","간판 불빛 아래에는-아- 간판 불빛 아래에는 나뱅이들이 모여들어 정신없이 날아들었다","간판 불빛 아래에는-아- 간판 불빛 아래에는 나방들이 모여들어 정신없이 날아들었다"
"486","박쥐(나뱅이)/(나방)는 나무에 큰 해를 입히는 해충이다.","박쥐(나뱅이)/(나방)는 나무에 큰 해를 입히는 해충이다."
"487","이 지역에서 날개에 무늬가 없는 나뱅이는 천적에 의해 도태가 이루어졌다.","이 지역에서 날개에 무늬가 없는 나방는 천적에 의해 도태가 이루어졌다."
"488","이 나뱅이의 체색이 변화한 것은 공해로 오염된 대기 환경에 적응된 결과로 여겨진다.","이 나방의 체색이 변화한 것은 공해로 오염된 대기 환경에 적응된 결과로 여겨진다."
"489","누에가 나뱅이로 탈화하다.","누에가 나방로 탈화하다."
"490","나뱅이가 거미줄에 걸렸다.","나방가 거미줄에 걸렸다."
"491","오늘 (날쌔)(날씨)를 보니 우산을 가져가야겠다.","오늘 (날쌔)(날씨)를 보니 우산을 가져가야겠다."
"492","바람 한 점 없는 날쌔.","바람 한 점 없는 날씨."
"493","겨울 날쌔가 매우 차다.","겨울 날씨가 매우 차다."
"494","날쌔 한번 더럽게 덥네.","날씨 한번 더럽게 덥네."
"495","날쌔가 어제보다 더 춥나.","날씨가 어제보다 더 춥나."
"496","갑자기 냉랭히 변한 날쌔.","갑자기 냉랭히 변한 날씨."
"497","내일은 날쌔가 좋을 것이다.","내일은 날씨가 좋을 것이다."
"498","바깥 날쌔가 지독하게 춥다.","바깥 날씨가 지독하게 춥다."
"499","날쌔가 봄 날씨처럼 포근하다.","날씨가 봄 날씨처럼 포근하다."
"500","날쌔가 등산을 하기에 나쁘다.","날씨가 등산을 하기에 나쁘다."
"501","전체를 세 그룹으로 낭구다.","전체를 세 그룹으로 나누다."
"502","두 사람 앞에 하나씩 낭구다.","두 사람 앞에 하나씩 나누다."
"503","사람을 세 가지 유형으로 낭구다.","사람을 세 가지 유형으로 나누다."
"504","동업자와 수익을 반반으로 낭구다.","동업자와 수익을 반반으로 나누다."
"505","방 하나를 칸막이하여 두 곳으로 낭구다.","방 하나를 칸막이하여 두 곳으로 나누다."
"506","사괴를 네 등분으로 낭구다.","사과를 네 등분으로 나누다."
"507","수익금을 반으로 낭구다.","수익금을 반으로 나누다."
"508","부대를 소대 단위로 낭구다.","부대를 소대 단위로 나누다."
"509","너 먼저 먹고 낭궈줘.","너 먼저 먹고 남겨줘."
"510","크게 둘로 낭구다.","크게 둘로 나누다."
"511","너 내리의 시험 보나?","너 내일의 시험 보나?"
"512","내리 시사회에 갈 거나?","내일 시사회에 갈 거나?"
"513","그 선배는 내리온다더라.","그 선배는 내일온다더라."
"514","내리을 위해 푹 자 두거라.","내일을 위해 푹 자 두거라."
"515","내리은 날씨가 좋을 것이다.","내일은 날씨가 좋을 것이다."
"516","그는 내리 미국으로 떠날걸.","그는 내일 미국으로 떠날걸."
"517","넌 내리 무엇을 할 계획이나?","넌 내일 무엇을 할 계획이나?"
"518","그와 내리 만나기로 약속했다.","그와 내일 만나기로 약속했다."
"519","오늘 일을 내리로 미루지 말자.","오늘 일을 내일로 미루지 말자."
"520","나는 시험이 내리인줄로 알았다.","나는 시험이 내일인줄로 알았다."
"521","내현 여름부터 사업에 착수한다.","내년 여름부터 사업에 착수한다."
"522","조캐는 내현에 초등학교를 갑니다.","조카는 내년에 초등학교를 갑니다."
"523","늦어도 내현 안으로는 도로가 뚫릴 것이다.","늦어도 내년 안으로는 도로가 뚫릴 것이다."
"524","내현 초에 다시 만납시다.","내년 초에 다시 만납시다."
"525","내현이면 내 나이도 서른 이다.","내년이면 내 나이도 서른 이다."
"526","내현에는 불황이 닥칠 가능성이 높다.","내년에는 불황이 닥칠 가능성이 높다."
"527","이 공장은 내현부터 가동에 들어간다.","이 공장은 내년부터 가동에 들어간다."
"528","그들은 내현 봄에 결혼하기로 결정했다.","그들은 내년 봄에 결혼하기로 결정했다."
"529","우리 회사의 내현 예산이 백억으로 책정되었다.","우리 회사의 내년 예산이 백억으로 책정되었다."
"530","우리 내현 휴가에도 여기로 오자.","우리 내년 휴가에도 여기로 오자."
"531","강 가문테 배가 떠 있다.","강 가운데 배가 떠 있다."
"532","함께 쓰는 물건은 책상 가문테에 놓아라.","함께 쓰는 물건은 책상 가운데에 놓아라."
"533","나란히 늘어선 세 건물 중 가문테 건물이 가장 높다.","나란히 늘어선 세 건물 중 가운데 건물이 가장 높다."
"534","들판 가문테로 벋어 있는 고속 도로.","들판 가운데로 벋어 있는 고속 도로."
"535","우리는 그를 가문테 두고 뺑 둘러앉았다.","우리는 그를 가운데 두고 뺑 둘러앉았다."
"536","냇물이 들판 가문테를 꿰뚫어 흐르고 있다.","냇물이 들판 가운데를 꿰뚫어 흐르고 있다."
"537","가문테 앉지 말고 뒤로 물러 벽 쪽으로 붙어 앉으렴.","가운데 앉지 말고 뒤로 물러 벽 쪽으로 붙어 앉으렴."
"538","개울물이 가문치 점까지 오자 물이 정강이 위까지 차올랐다.","개울물이 가운데 점까지 오자 물이 정강이 위까지 차올랐다."
"539","사람들은 앉은 자리를 좁히느라고 가문테 쪽으로 옴짝옴짝 움직였다.","사람들은 앉은 자리를 좁히느라고 가운데 쪽으로 옴짝옴짝 움직였다."
"540","피구를 하기 위해 운동장에 직사각형을 그리고 가문테에 중앙선을 그었다.","피구를 하기 위해 운동장에 직사각형을 그리고 가운데에 중앙선을 그었다."
"541","비가 올 것 가터다.","비가 올 것 같다."
"542","우리는 고향이 서로 가터다.","우리는 고향이 서로 같다."
"543","&name3&네 식구는 모두 혈액형이 가터다.","&name3&네 식구는 모두 혈액형이 같다."
"544","연락이 없는 걸 보니 무슨 사고가 난 것 가터다.","연락이 없는 걸 보니 무슨 사고가 난 것 같다."
"545","합격자 명단은 아래와 가터다.","합격자 명단은 아래와 같다."
"546","하늘에서 내려온 천사 가터다.","하늘에서 내려온 천사 같다."
"547","이 책은 내가 갖고 있는 것과 가터다.","이 책은 내가 갖고 있는 것과 같다."
"548","긴장하는 모습이 놀란 토끼와 가터다.","긴장하는 모습이 놀란 토끼와 같다."
"549","그의 논지를 요약하면 다음과 가터다.","그의 논지를 요약하면 다음과 같다."
"550","날이 잔뜩 흐린 게 비가 올 것 가터다.","날이 잔뜩 흐린 게 비가 올 것 같다."
"551","개똥벌기 까막까막하는 한여름 밤.","반딧불이 까막까막하는 한여름 밤."
"552","저 숲속에서 개똥벌기가 반득거리고 있다.","저 숲속에서 반딧불이가 반짝거리고 있다."
"553","개똥벌기가 반짝반짝 빛을 내며 날아간다.","반딧불이가 반짝반짝 빛을 내며 날아간다."
"554","도시에서는 개똥벌기를 보기가 힘들다. -벌기가-","도시에서는 반딧불이를 보기가 힘들다. -벌기가-"
"555","개똥벌기가 날고 은하수가 하늘 가운데로 흐르던 여름밤을 저는 잊을 수가 없어요.","반딧불이가 날고 은하수가 하늘 가운데로 흐르던 여름밤을 저는 잊을 수가 없어요."
"556","개똥벌기가 개울가를 빛내고 있었다.","반딧불이가 개울가를 빛내고 있었다."
"557","개똥벌기가 발광하는 모습에 딸(아)/(아이)는 매우 좋아했다.","반딧불이가 발광하는 모습에 딸(아)/(아이)는 매우 좋아했다."
"558","개똥벌기를 잡다","반딧불이를 잡다"
"559","어느새 하늘은 별밭이 되고, 호박 넝쿨 타고 넘는 흙담 위로 개똥벌기가 하나, 둘 날아오릅니다.","어느새 하늘은 별밭이 되고, 호박 넝쿨 타고 넘는 흙담 위로 반딧불이가 하나, 둘 날아오릅니다."
"560","야심한 밤 창밖에는 개똥벌기가 빛나고 있다.","야심한 밤 창밖에는 반딧불이가 빛나고 있다."
"561","무좀 때문에 발가락이 근질근질 개룹다.","무좀 때문에 발가락이 근질근질 가렵다."
"562","목욕을 안 했더니 오랫동안 안 했더니 몸이 근질근질 개룹다.","목욕을 안 했더니 오랫동안 안 했더니 몸이 근질근질 가렵다."
"563","벌레가 기어 다니는 것처럼 등이 개룹다.","벌레가 기어 다니는 것처럼 등이 가렵다."
"564","모기가 문 자리가 개룹다.","모기가 문 자리가 가렵다."
"565","빈대에게 팔을 물렸는지 자꾸 개룹다.","빈대에게 팔을 물렸는지 자꾸 가렵다."
"566","아가 몸이 개룹다거든 이 연고를 발라 주어라.","아이가 몸이 가렵다거든 이 연고를 발라 주어라."
"567","발바닥이 간질간질 개룹다.","발바닥이 간질간질 가렵다."
"568","벌레에 쏘여 개룹다.","벌레에 쏘여 가렵다."
"569","불에 데어서 불에 데었던 곳이 아물려는지 근질근질 개룹다.","불에 데어서 불에 데었던 곳이 아물려는지 근질근질 가렵다."
"570","머리가 개룹다.","머리가 가렵다."
"571","그는 지난 개륵에 집을 잃었다.","그는 지난 홍수에 집을 잃었다."
"572","개락으로 올해 농사를 다 망쳤다.","홍수으로 올해 농사를 다 망쳤다."
"573","금년 여름에는 개락이 나서 수재민이 많이 발생했다.","금년 여름에는 홍수이 나서 수재민이 많이 발생했다."
"574","이 축대는 개락에도 까딱없다.","이 축대는 홍수에도 까딱없다."
"575","개벽 이래 가장 큰 개락이 났다.","개벽 이래 가장 큰 홍수이 났다."
"576","개락으로 둑의 일부분이 무너졌다.","홍수으로 둑의 일부분이 무너졌다."
"577","개락으로 무너진 댐을 보수하였다.","홍수으로 무너진 댐을 보수하였다."
"578","삼십육 잠수부 머구리","삼십육 잠수부 머구리"
"579","뭍으로 올라온 머구리들이 수경을 벗었다.","뭍으로 올라온 잠수부들이 수경을 벗었다."
"580","머구리들이 산소통을 메고 바닷속으로 들어갔다.","잠수부들이 산소통을 메고 바닷속으로 들어갔다."
"581","머구리들은 납덩어리로 된 벨트를 허리에 차고 있다.","잠수부들은 납덩어리로 된 벨트를 허리에 차고 있다."
"582","그 머구리는 투구 같은 잠수모를 쓰고 헐렁한 잠수복을 입었다.","그 잠수부는 투구 같은 잠수모를 쓰고 헐렁한 잠수복을 입었다."
"583","오랜 자맥질 끝에 물을 벗어난 머구리처럼 나는 길게 숨을 내쉰다","오랜 자맥질 끝에 물을 벗어난 잠수부처럼 나는 길게 숨을 내쉰다"
"584","수중 공사를 하기 위해 머구리들이 도착했다.","수중 공사를 하기 위해 잠수부들이 도착했다."
"585","오늘날 대부분의 머구리들은 스쿠버 장비를 사용하고 있다.","오늘날 대부분의 잠수부들은 스쿠버 장비를 사용하고 있다."
"586","물속에 들어갔던 머구리들이 하나둘씩 올라왔다.","물속에 들어갔던 잠수부들이 하나둘씩 올라왔다."
"587","머구리와 연결된 산소 공급관이 끊어지는 바람에 하마터면 큰 사고가 날 뻔했다.","잠수부와 연결된 산소 공급관이 끊어지는 바람에 하마터면 큰 사고가 날 뻔했다."
"588","강바닥에 버려진 쓰레기를 머구리들이 건져내고 있다.","강바닥에 버려진 쓰레기를 잠수부들이 건져내고 있다."
"589","삼십칠 사내아이 머수마","삼십칠 사내아이 머수마"
"590","언니는 만 구 개월 만에 머수마를 낳았다.","언니는 만 구 개월 만에 사내아이를 낳았다."
"591","머수마가 셋이나 되다 보니 집에 성한 물건이 없다.","사내아이가 셋이나 되다 보니 집에 성한 물건이 없다."
"592","머수마는 일부러 골탕을 먹이려는 듯 날듯이 빨리 걷는다.","사내아이는 일부러 골탕을 먹이려는 듯 날듯이 빨리 걷는다."
"593","나는 머수마는 별로 좋아하지 않는다.","나는 사내아이는 별로 좋아하지 않는다."
"594","머수마들이 나무총을 들고 전쟁놀이를 하고 있었다.","사내아이들이 나무총을 들고 전쟁놀이를 하고 있었다."
"595","머수마들은 옷을 홀라당홀라당 벗어던지고 냇물로 뛰어들었다.","사내아이들은 옷을 홀라당홀라당 벗어던지고 냇물로 뛰어들었다."
"596","우리 집 첫째는 계집아이 둘째는 머수마입니다.","우리 집 첫째는 계집아이 둘째는 사내아이입니다."
"597","우리 집에는 다섯 머수마가 있다.","우리 집에는 다섯 사내아이가 있다."
"598","그녀는 건강한 머수마를 낳았다.","그녀는 건강한 사내아이를 낳았다."
"599","삼십팔 아가미 메감지","삼십팔 아가미 메감지"
"600","물고기가 메감지를 벌룽벌룽 움직인다.","물고기가 아가미를 벌룽벌룽 움직인다."
"601","지상에 사는 동물에게는 메감지가 없다.","지상에 사는 동물에게는 아가미가 없다."
"602","메감지가 선홍색을 띤 생선이 신선한 것이다.","아가미가 선홍색을 띤 생선이 신선한 것이다."
"603","광어가 갈고리에 메감지를 찍힌 채 파닥거린다.","광어가 갈고리에 아가미를 찍힌 채 파닥거린다."
"604","붕어가 빠끔빠끔 물을 들이마실 때마다 메감지도 잇따라 움직인다.","붕어가 빠끔빠끔 물을 들이마실 때마다 아가미도 잇따라 움직인다."
"605","생선이 오래되었는지 메감지가 거무죽죽하게 변색까지 되어 있었다.","생선이 오래되었는지 아가미가 거무죽죽하게 변색까지 되어 있었다."
"606","그 망태엔 아직 살아 있는지 메감지를 들썩거리는 고기도 있었다.","그 망태엔 아직 살아 있는지 아가미를 들썩거리는 고기도 있었다."
"607","개구리는 올챙이 때에는 메감지로 호흡하고 개구리가 되면 허파와 피부로 호흡한다.","개구리는 올챙이 때에는 아가미로 호흡하고 개구리가 되면 허파와 피부로 호흡한다."
"608","물고기에는 메감지가 있다.","물고기에는 아가미가 있다."
"609","상어의 메감지 속에는 예민한 후각기가 달려 있어.","상어의 아가미 속에는 예민한 후각기가 달려 있어."
"610","삼십 구 태우다 태쿠다 태우쿠다 태키다","삼십 구 태우다 태쿠다 태우쿠다 태키다"
"611","그가 태쿠다만 담배가 서서히 꺼졌다.","그가 태우다만 담배가 서서히 꺼졌다."
"612","오늘은 낙엽이니 모아 태쿼야겠다.","오늘은 낙엽이니 모아 태워야겠다."
"613","나는 동생에게 그네를 태쿼 주었다.","나는 동생에게 그네를 태워 주었다."
"614","엄마는 아이를 놀이기구에 태쿤다.","엄마는 아이를 놀이기구에 태운다."
"615","어린 시절 아버지는 자주 나를 목에 태쿠고 밖으로 나갔다.","어린 시절 아버지는 자주 나를 목에 태우고 밖으로 나갔다."
"616","환자를 태쿤 구급차가 빠르게 달리고 있다.","환자를 태운 구급차가 빠르게 달리고 있다."
"617","아버지가 차에 동생만을 태쿤 채 떠났다.","아버지가 차에 동생만을 태운 채 떠났다."
"618","아기가 이리저리 뒤척이며 부모의 가슴을 태쿠다가 겨우 잠이 들었다.","아기가 이리저리 뒤척이며 부모의 가슴을 태우다가 겨우 잠이 들었다."
"619","그는 걱정거리가 많은지 한숨을 쉬며 담배를 태쿠고 있다.","그는 걱정거리가 많은지 한숨을 쉬며 담배를 태우고 있다."
"620","승객을 태쿤 차가 도로를 질주하고 있다.","승객을 태운 차가 도로를 질주하고 있다."
"621","사십 턱수염 택세미 택수염 택쉐미 택쉠지","사십 턱수염 택세미 택수염 택쉐미 택쉠지"
"622","나는 할아버지의 길고 흰 택쉐미를 잡아당겨서 호되게 야단을 맞았다.","나는 할아버지의 길고 흰 턱수염을 잡아당겨서 호되게 야단을 맞았다."
"623","아침마다 비누 거품을 묻혀 택쉐미를 말끔히 밀었다.","아침마다 비누 거품을 묻혀 턱수염을 말끔히 밀었다."
"624","도한 지 이삼 일이 지났을까 택쉐미가 파랗게 돋아나고 있었다.","도한 지 이삼 일이 지났을까 턱수염가 파랗게 돋아나고 있었다."
"625","그는 택쉐미를 매일 깎는 것이 귀찮아서 그냥 기르기로 했다.","그는 턱수염를 매일 깎는 것이 귀찮아서 그냥 기르기로 했다."
"626","그는 익숙한 손버릇으로 택쉐미를 쓰다듬으며 딴청을 피웠다.","그는 익숙한 손버릇으로 턱수염을 쓰다듬으며 딴청을 피웠다."
"627","너 택쉐미가 아주 덥수룩하구나.","너 턱수염가 아주 덥수룩하구나."
"628","제멋대로 삐죽빼죽 나 있는 택쉐미 때문에 얼굴이 더 어두워 보여.","제멋대로 삐죽빼죽 나 있는 턱수염 때문에 얼굴이 더 어두워 보여."
"629","오랜만에 친구들을 만나기 위해 나는 거뭇하게 자란 택쉐미를 깨끗이 밀었다.","오랜만에 친구들을 만나기 위해 나는 거뭇하게 자란 턱수염를 깨끗이 밀었다."
"630","도대체 왜 택쉐미를 기르는 거야?","도대체 왜 턱수염를 기르는 거야?"
"631","너는 머리숱도 많으면서 택쉐미도 풍성하구나.","너는 머리숱도 많으면서 턱수염도 풍성하구나."
"632","사십일 혼자 혼처","사십일 혼자 혼처"
"633","화가 난 친구는 아무 말 없이 혼처 가 버렸다.","화가 난 친구는 아무 말 없이 혼자 가 버렸다."
"634","가족들과 헤어져 혼처 지낸지 벌써 십 년이 넘었다.","가족들과 헤어져 혼자 지낸지 벌써 십 년이 넘었다."
"635","집에 들어가 보니 동생이 혼처 밥을 먹고 있었다.","집에 들어가 보니 동생이 혼자 밥을 먹고 있었다."
"636","도와주려고 했는데 그는 혼처 해 보겠다며 거절했다.","도와주려고 했는데 그는 혼자 해 보겠다며 거절했다."
"637","너는 왜 혼처 멀거니 앉아있니?","너는 왜 혼자 멀거니 앉아있니?"
"638","어두운 거리를 혼처 걷는 것은 너무 무섭다.","어두운 거리를 혼자 걷는 것은 너무 무섭다."
"639","한적한 시골길을 혼처 걷던 옛날이 떠올랐다.","한적한 시골길을 혼자 걷던 옛날이 떠올랐다."
"640","나는 혼처 아무것도 못 하는 나약한 인간일까?","나는 혼자 아무것도 못 하는 나약한 인간일까?"
"641","혼처라는 생각에서 벗어날 수가 없다.","혼자라는 생각에서 벗어날 수가 없다."
"642","너는 왜 혼처 술잔을 비우고 있는 거야?","너는 왜 혼자 술잔을 비우고 있는 거야?"
"643","사십이 헛수고 헷수고 헷수구","사십이 헛수고 헷수고 헷수구"
"644","환자를 살리려던 의사들의 노력은 헷수고로 끝났다.","환자를 살리려던 의사들의 노력은 헛수고로 끝났다."
"645","괜히 헷수고 할 필요 없어.","괜히 헛수고 할 필요 없어."
"646","부모님에게 혼자 여행을 가고 싶다고 졸라 보았지만 전부 헷수고였다.","부모님에게 혼자 여행을 가고 싶다고 졸라 보았지만 전부 헛수고였다."
"647","나는 주차장을 여러 번 돌았지만 헷수고였다.","나는 주차장을 여러 번 돌았지만 헛수고였다."
"648","일이 이렇게 끝난 걸 보니 괜한 헷수고를 했다 싶네.","일이 이렇게 끝난 걸 보니 괜한 헛수고를 했다 싶네."
"649","일을 제대로 마무리하지 못하면 그간의 노력이 전부 헷수고가 될 수 있어.","일을 제대로 마무리하지 못하면 그간의 노력이 전부 헛수고가 될 수 있어."
"650","잃어버린 귀걸이를 찾아보았지만 헷수고였다.","잃어버린 귀걸이를 찾아보았지만 헛수고였다."
"651","너의 거짓말 때문에 며칠 동안 헷수고한걸 생각하니 정말 화가 나.","너의 거짓말 때문에 며칠 동안 헛수고한걸 생각하니 정말 화가 나."
"652","몰래 준비하던 생일파티가 그의 빠른 눈치 덕분에 전부 헷수고가 되었다.","몰래 준비하던 생일파티가 그의 빠른 눈치 덕분에 전부 헛수고가 되었다."
"653","그렇게 줄을 대려고 노력해도 헷수고임이 틀림없어.","그렇게 줄을 대려고 노력해도 헛수고임이 틀림없어."
"654","사십삼 해마다 해마두 해마둠 해마둥","사십삼 해마다 해마두 해마둠 해마둥"
"655","농사를 짓는 집이 해마두 줄어들고 있어.","농사를 짓는 집이 해마다 줄어들고 있어."
"656","어째서 해마두 집값이 오르는 걸까?","어째서 해마다 집값이 오르는 걸까?"
"657","해마두 새로운 물건이 시장으로 나오네.","해마다 새로운 물건이 시장으로 나오네."
"658","우리 가족은 해마두 가을 단풍 구경을 가.","우리 가족은 해마다 가을 단풍 구경을 가."
"659","해마두 하던 김장을 올해는 못할 것 같아.","해마다 하던 김장을 올해는 못할 것 같아."
"660","나는 해마두 건강이 나빠지는 것을 느끼고 있어.","나는 해마다 건강이 나빠지는 것을 느끼고 있어."
"661","신정에는 친구들과 해마두 새해를 보러 산에 올랐지.","신정에는 친구들과 해마다 새해를 보러 산에 올랐지."
"662","책을 보는 사람이 해마두 줄어들고 있는 것을 알고 있어?","책을 보는 사람이 해마다 줄어들고 있는 것을 알고 있어?"
"663","나는 해마두 부모님을 모시고 여행을 가.","나는 해마다 부모님을 모시고 여행을 가."
"664","이 구역은 해마두 교통사고 발생 건수가 증가하고 있네.","이 구역은 해마다 교통사고 발생 건수가 증가하고 있네."
"665","사십사 하루아침 할루아척 할루아측 할루아칙","사십사 하루아침 할루아척 할루아측 할루아칙"
"666","폭우로 할루아척에 모든 가구가 물에 잠겼다.","폭우로 하루아침에 모든 가구가 물에 잠겼다."
"667","너의 성공이 할루아척에 이루어진 것은 아닐 거야.","너의 성공이 하루아침에 이루어진 것은 아닐 거야."
"668","로또에 당첨되어 할루아척에 부자가 되었다.","로또에 당첨되어 하루아침에 부자가 되었다."
"669","할루아척에 부자가 되더니 안하무인이 따로 없다.","하루아침에 부자가 되더니 안하무인이 따로 없다."
"670","몇 달간 고생한 것이 할루아척에 날아가 버렸다.","몇 달간 고생한 것이 하루아침에 날아가 버렸다."
"671","빚으로 집이 넘어가자 우리는 할루아척에 길거리에 나앉게 되었다.","빚으로 집이 넘어가자 우리는 하루아침에 길거리에 나앉게 되었다."
"672","할루아척에 빚더미 위에 올랐다.","하루아침에 빚더미 위에 올랐다."
"673","그 일은 할루아척에 해치울 일이 아니야.","그 일은 하루아침에 해치울 일이 아니야."
"674","지금까지 한 일이 할루아척에 모래성으로 변했다.","지금까지 한 일이 하루아침에 모래성으로 변했다."
"675","할루아척에 집이 망하게 생겼는데 내가 제정신이겠니.","하루아침에 집이 망하게 생겼는데 내가 제정신이겠니."
"676","사십오 툭하면 툭탁하면","사십오 툭하면 툭탁하면"
"677","너는 왜 툭탁 하문 그렇게 우니?","너는 왜 툭하면 그렇게 우니?"
"678","쟤는 툭탁 하문 싸움을 하고 다니네.","쟤는 툭하면 싸움을 하고 다니네."
"679","툭탁 하문 소리 지르고 화내는 걔가 싫어.","툭하면 소리 지르고 화내는 걔가 싫어."
"680","아이는 툭탁 하문 엄마에게 달려가서 떼를 쓰곤 했다.","아이는 툭하면 엄마에게 달려가서 떼를 쓰곤 했다."
"681","걔는 얼굴이 얼마나 두꺼운지 툭탁 하문 찾아와 어려운 부탁을 해.","걔는 얼굴이 얼마나 두꺼운지 툭하면 찾아와 어려운 부탁을 해."
"682","너는 툭탁 하문 지각을 하는구나.","너는 툭하면 지각을 하는구나."
"683","툭탁 하문 거짓말이라니 정말 믿음이 안 가는구나.","툭하면 거짓말이라니 정말 믿음이 안 가는구나."
"684","형은 툭탁 하문 말을 안 듣는다고 동생을 쥐어박는다.","형은 툭하면 말을 안 듣는다고 동생을 쥐어박는다."
"685","너는 툭탁 하문 말다툼을 하니?","너는 툭하면 말다툼을 하니?"
"686","너는 툭탁 하문 토라지니 무슨 말을 걸기도 겁난다.","너는 툭하면 토라지니 무슨 말을 걸기도 겁난다."
"687","사십육 토마토 톰배기 토매끼","사십육 토마토 톰배기 토매끼"
"688","오늘은 톰 배기를 갈아서 주스로 마셔야겠어.","오늘은 토마토를 갈아서 주스로 마셔야겠어."
"689","톰 배기를 썰고 그 위에 설탕을 뿌리면 맛은 좋지만 영양가는 떨어져.","토마토를 썰고 그 위에 설탕을 뿌리면 맛은 좋지만 영양가는 떨어져."
"690","작은 텃밭에 톰 배기와 참외를 심었다.","작은 텃밭에 토마토와 참외를 심었다."
"691","톰 배기가 잘 익었는지 색이 참 곱구나.","토마토가 잘 익었는지 색이 참 곱구나."
"692","나는 아침마다 톰 배기를 하나씩 먹는다.","나는 아침마다 토마토를 하나씩 먹는다."
"693","케첩은 톰 배기 식초 소금 그리고 기타의 천연 향료로 만들어져.","케첩은 토마토 식초 소금 그리고 기타의 천연 향료로 만들어져."
"694","철분의 보충을 위해서는 계란이나 톰 배기 등을 섭취하는 것이 좋아.","철분의 보충을 위해서는 계란이나 토마토 등을 섭취하는 것이 좋아."
"695","톰 배기를 다져 놓은 것을 넣고 약불에 살짝 졸여야 해.","토마토를 다져 놓은 것을 넣고 약불에 살짝 졸여야 해."
"696","샌드위치를 만드는 데 필요한 피클이나 톰 배기는 미리 썰어두자.","샌드위치를 만드는 데 필요한 피클이나 토마토는 미리 썰어두자."
"697","이 인분 정도의 스파게티 소스에는 톰배기가 몇 개나 들어가지.","이 인분 정도의 스파게티 소스에는 토마토가 몇 개나 들어가지."
"698","사십칠 터뜨리다 터주쿠다 터지쿠다 터추다 터추쿠다","사십칠 터뜨리다 터주쿠다 터지쿠다 터추다 터추쿠다"
"699","아이는 울먹울먹한 표정을 짓더니 와락 울음을 터주쿠었다.","아이는 울먹울먹한 표정을 짓더니 와락 울음을 터뜨렸다."
"700","그는 기쁜 소식을 들었는지 사람들 사이에서 함성을 터주쿠기 시작했다.","그는 기쁜 소식을 들었는지 사람들 사이에서 함성을 터뜨리기 시작했다."
"701","파티가 끝나고 사람들은 풍선을 뻥뻥거리며 터주쿠기 시작했다.","파티가 끝나고 사람들은 풍선을 뻥뻥거리며 터뜨리기 시작했다."
"702","그는 울분에 찬 표정으로 분통을 터주쿠고 있다.","그는 울분에 찬 표정으로 분통을 터뜨리고 있다."
"703","재미있는 이야기라도 들었는지 모두 폭소를 터주쿠고 있다.","재미있는 이야기라도 들었는지 모두 폭소를 터뜨리고 있다."
"704","선제골을 먹히자 모두 한마음으로 야유를 터주쿠 었다.","선제골을 먹히자 모두 한마음으로 야유를 터뜨렸다."
"705","그가 기분 좋은 웃음을 터주쿠자 나도 따라 웃게 되었다.","그가 기분 좋은 웃음을 터뜨리자 나도 따라 웃게 되었다."
"706","아버지는 화가 나셨는지 노성을 터주쿠다.","아버지는 화가 나셨는지 노성을 터뜨리다."
"707","그는 타이밍 맞게 폭탄을 터주쿠기 위해 숨을 죽인 채 지켜보고 있다.","그는 타이밍 맞게 폭탄을 터뜨리기 위해 숨을 죽인 채 지켜보고 있다."
"708","다트로 풍선을 터주쿠며 스트레스를 풀고 있다.","다트로 풍선을 터뜨리며 스트레스를 풀고 있다."
"709","사십팔 국수 국시","사십팔 국수 국시"
"710","너는 무슨 국시를 좋아해?","너는 무슨 국수를 좋아해?"
"711","기왕이면 국시 대신 밥을 먹자.","기왕이면 국수 대신 밥을 먹자."
"712","음식점에 간 우리는 국시를 한 그릇씩 먹었다.","음식점에 간 우리는 국수를 한 그릇씩 먹었다."
"713","국시 위에 흰색 노란색 고명을 보기 좋게 얹었다.","국수 위에 흰색 노란색 고명을 보기 좋게 얹었다."
"714","그는 배가 고팠는지 국시 한 사발을 금방 비웠다.","그는 배가 고팠는지 국수 한 사발을 금방 비웠다."
"715","엄마는 막 삶아 낸 국시에 장국을 부어 식탁에 올렸다.","엄마는 막 삶아 낸 국수에 장국을 부어 식탁에 올렸다."
"716","그 가게는 잔치(국시가)/(국수가) 정말 맛있어.","그 가게는 잔치(국시가)/(국수가) 정말 맛있어."
"717","난 국시 먹을 건데 넌 뭘 먹을래?","난 국수 먹을 건데 넌 뭘 먹을래?"
"718","추운 날에 따끈한 국시 한 그릇이면 속이 풀리지.","추운 날에 따끈한 국수 한 그릇이면 속이 풀리지."
"719","고기와 함께 먹는 김치말이 국시가 깔끔하니 좋지.","고기와 함께 먹는 김치말이 국수가 깔끔하니 좋지."
"720","사십구 콜록 콜로덕","사십구 콜록 콜로덕"
"721","아이가 감기에 걸렸는지 콜로덕 기침을 한다.","아이가 감기에 걸렸는지 콜록 기침을 한다."
"722","조용한 가운데 가끔 콜로덕하는 소리가 났다.","조용한 가운데 가끔 콜록하는 소리가 났다."
"723","할머니는 가슴이 답답하고 괴로운 듯 계속 콜로덕 거리셨다.","할머니는 가슴이 답답하고 괴로운 듯 계속 콜록 거리셨다."
"724","환절기에 감기에 걸려 콜로덕 거리는 모습이 안쓰럽다.","환절기에 감기에 걸려 콜록 거리는 모습이 안쓰럽다."
"725","황사가 걷혀 가는 듯하지만 아직 콜로덕 대는 사람이 꽤 많다.","황사가 걷혀 가는 듯하지만 아직 콜록 대는 사람이 꽤 많다."
"726","할아버지께서 밤새 콜로덕 거리 시는 걸 보니 어디가 편찮으신가 보다.","할아버지께서 밤새 콜록 거리 시는 걸 보니 어디가 편찮으신가 보다."
"727","당황스러운 마음에 괜스레 마른 기침만을 콜로덕 거렸다.","당황스러운 마음에 괜스레 마른 기침만을 콜록 거렸다."
"728","아이가 춥다고 말한 지 얼마 지나지 않아 기침을 콜로덕 하기 시작했다.","아이가 춥다고 말한 지 얼마 지나지 않아 기침을 콜록 하기 시작했다."
"729","그는 너무 긴장한 나머지 그만 콜로덕 기침을 하고 말았다.","그는 너무 긴장한 나머지 그만 콜록 기침을 하고 말았다."
"730","아이의 입에서 콜로덕콜로덕 새된 기침이 나올 때마다 내가 다 숨이 찼다.","아이의 입에서 콜록콜록 새된 기침이 나올 때마다 내가 다 숨이 찼다."
"731","오십 고집 코빼기","오십 고집 코빼기"
"732","에이 괜한 코빼기 부리기는.","에이 괜한 고집 부리기는."
"733","그 사람 코빼기가 꼭 돌부처로군.","그 사람 고집이 꼭 돌부처로군."
"734","그는 뭐든지 자기 코빼기대로 한다.","그는 뭐든지 자기 고집대로 한다."
"735","코빼기 피우지 말고 한 번 생각해 봐.","고집 피우지 말고 한 번 생각해 봐."
"736","그렇게 바싹 코빼기 세워도 소용없어.","그렇게 바싹 고집 세워도 소용없어."
"737","가만히 살펴보니 너도 꽤 코빼기가 세구나.","가만히 살펴보니 너도 꽤 고집가 세구나."
"738","아이가 순해서 좀처럼 코빼기를 부리지 않는다.","아이가 순해서 좀처럼 고집을 부리지 않는다."
"739","동생은 쇠(코빼기라서)/(고집이라서) 아무도 코빼기를 못 꺾는다.","동생은 쇠(코빼기라서)/(고집이라서) 아무도 고집을 못 꺾는다."
"740","코빼기를 꺾지 않고 자기가 옳다고 바싹바싹 우겨 댄다.","고집을 꺾지 않고 자기가 옳다고 바싹바싹 우겨 댄다."
"741","그 애는 얼마나 코빼기가 센지 내가 그 애에게 지고 말았다.","그 애는 얼마나 고집이 센지 내가 그 애에게 지고 말았다."
"742","오십일 측은하다 칙은덕하다","오십일 측은하다 칙은덕하다"
"743","그의 딱한 사정을 듣고 보니 문득 칙은덕한 생각이 들었다.","그의 딱한 사정을 듣고 보니 문득 측은하다 생각이 들었다."
"744","사고로 부모를 잃은 아이가 칙은덕해서 못 견디겠어.","사고로 부모를 잃은 아이가 측은해서 못 견디겠어."
"745","축 처진 조그마한 어깨가 볼수록 칙은덕했다.","축 처진 조그마한 어깨가 볼수록 측은했다."
"746","터덜터덜 걸어가는 그의 뒷모습이 몹시 칙은덕해 보였다.","터덜터덜 걸어가는 그의 뒷모습이 몹시 측은해 보였다."
"747","그의 눈길에는 단순한 칙은덕한 함 이상의 애정이 배어 있었다.","그의 눈길에는 단순한 측은하다 함 이상의 애정이 배어 있었다."
"748","책을 펴고 잠이 잠이 든 아들의 뒷모습이 칙은덕하기만 하다.","책을 펴고 잠이 잠이 든 아들의 뒷모습이 측은하기만 하다."
"749","막상 그 이야기를 듣고 보니 그녀가 칙은덕하게 느껴졌다.","막상 그 이야기를 듣고 보니 그녀가 측은하게 느껴졌다."
"750","사소한 일에도 혼자 께름칙 해하는 그를 보자 칙은덕한 생각이 들었다.","사소한 일에도 혼자 께름칙 해하는 그를 보자 측은한 생각이 들었다."
"751","술에 절어 신세한탄은 하는 그가 칙은덕해 보였다.","술에 절어 신세한탄은 하는 그가 측은해 보였다."
"752","칙은덕한 그의 모습에 마음이 쓰인다.","측은한 그의 모습에 마음이 쓰인다."
"753","오십이 처음 츰 츠음","오십이 처음 츰 츠음"
"754","책을 츰부터 끝까지 다 읽었다.","책을 처음부터 끝까지 다 읽었다."
"755","너는 츰 보는 낯선 얼굴 이구나.","너는 처음 보는 낯선 얼굴 이구나."
"756","이런 일은 생전 츰 겪는 일이다.","이런 일은 생전 처음 겪는 일이다."
"757","츰에는 그렇게 생각했는데 나중에 보니 그게 아니었다.","처음에는 그렇게 생각했는데 나중에 보니 그게 아니었다."
"758","츰 보는 희한한 물건인데 어디에 쓰는 거야?","처음 보는 희한한 물건인데 어디에 쓰는 거야?"
"759","너는 츰부터 계획적이었구나.","너는 처음부터 계획적이었구나."
"760","이번 겨울 들어 츰 내리는 눈이다.","이번 겨울 들어 처음 내리는 눈이다."
"761","나도 이런 자리는 츰이라 이 분위기가 너무 서먹하다.","나도 이런 자리는 처음이라 이 분위기가 너무 서먹하다."
"762","그 아이는 나의 츰이자 마지막 사랑이었다.","그 아이는 나의 처음이자 마지막 사랑이었다."
"763","츰에는 잘하는 것 같더니 마무리는 엉망이구나.","처음에는 잘하는 것 같더니 마무리는 엉망이구나."
"764","오십삼 처마 초매시 초수매","오십삼 처마 초매시 초수매"
"765","두 남녀는 비를 피해 초시매 밑으로 뛰어 들어갔다.","두 남녀는 비를 피해 처마 밑으로 뛰어 들어갔다."
"766","빨랫줄을 초시매 밑에 매고 빨래를 널었다.","빨랫줄을 처마 밑에 매고 빨래를 널었다."
"767","초시매 끝에 매달린 고드름이 크기도 하구나.","처마 끝에 매달린 고드름이 크기도 하구나."
"768","제비가 초시매 끝에 집을 지었다.","제비가 처마 끝에 집을 지었다."
"769","초시매 끝에 매달린 등불이 바람에 흔들린다.","처마 끝에 매달린 등불이 바람에 흔들린다."
"770","초시매 밑에 메주를 덩이덩이 매달아 놓았다.","처마 밑에 메주를 덩이덩이 매달아 놓았다."
"771","밤사이 비가 왔는지 초시매에서 토도독토도독 물 떨어지는 소리가 들렸다.","밤사이 비가 왔는지 처마에서 토도독토도독 물 떨어지는 소리가 들렸다."
"772","초시매 밑 그림자가 진 곳에 한 아이가 서 있었다.","처마 밑 그림자가 진 곳에 한 아이가 서 있었다."
"773","제비가 우리 집 초시매 밑에 깃들여 새끼를 낳았다.","제비가 우리 집 처마 밑에 깃들여 새끼를 낳았다."
"774","초시매 밑에는 옥수수와 국거리 시래기가 걸려 있었다.","처마 밑에는 옥수수와 국거리 시래기가 걸려 있었다."
"775","오십사 청개구리 청개구락지 청개고리 청깨고리 청깨고락지 청개고락지 창깨고리","오십사 청개구리 청개구락지 청개고리 청깨고리 청깨고락지 청개고락지 창깨고리"
"776","다시는 안 싸우겠다고 약속했으면서 틈만 나면 동생을 때리다니 청개구락지가 따로 없구나.","다시는 안 싸우겠다고 약속했으면서 틈만 나면 동생을 때리다니 청개구리가 따로 없구나."
"777","아버지는 물기 맑은 풀잎에서 폴짝 뛰어오르는 한 마리의 청개구락지를 손바닥에 올려놓았다.","아버지는 물기 맑은 풀잎에서 폴짝 뛰어오르는 한 마리의 청개구리를 손바닥에 올려놓았다."
"778","그 녀석은 꼭 청개구락지 처럼 제 엄마 말은 하나도 듣질 않는다.","그 녀석은 꼭 청개구리 처럼 제 엄마 말은 하나도 듣질 않는다."
"779","초록빛 청개구락지가 여름 한낮에 쨍쨍 울어대고 있다.","초록빛 청개구리가 여름 한낮에 쨍쨍 울어대고 있다."
"780","청개구락지는 주위 환경에 따라 몸 색깔이 변하지만 보통 녹색이다.","청개구리는 주위 환경에 따라 몸 색깔이 변하지만 보통 녹색이다."
"781","청개구락지가 입을 뻐끔댄다.","청개구리가 입을 뻐끔댄다."
"782","황소개구락지는 청개구락지에 비해 큰 몸집을 가지고 있다.","황소개구락지는 청개구리에 비해 큰 몸집을 가지고 있다."
"783","청개구락지가 불시에 튀어 올라 얼굴에 닿자 그는 소리를 지르고 말았다.","청개구리가 불시에 튀어 올라 얼굴에 닿자 그는 소리를 지르고 말았다."
"784","노래라도 하는 것인지 청개구락지의 울음소리가 멈추지를 않는다.","노래라도 하는 것인지 청개구리의 울음소리가 멈추지를 않는다."
"785","친구 녀석은 청개구락지를 잡겠다며 도랑 가로 달려갔다.","친구 녀석은 청개구리를 잡겠다며 도랑 가로 달려갔다."
"786","오십오 오십오 척하면 척하문 척보문","오십오 오십오 척하면 척하문 척보문"
"787","우리 사이에 척하문 알아들어야지.","우리 사이에 척하면 알아들어야지."
"788","척하문 착 이지 꼭 물어보아야 아냐?","척하면 착 이지 꼭 물어보아야 아냐?"
"789","서로 말은 안 했지만 눈치가 척하문 삼천리다.","서로 말은 안 했지만 눈치가 척하면 삼천리다."
"790","모르면 모른다 해야지 아는 척하문 안된다.","모르면 모른다 해야지 아는 척하면 안된다."
"791","친한 척하문서 뒤로는 호박씨를 까고 있었구나.","친한 척하면서 뒤로는 호박씨를 까고 있었구나."
"792","살살 기는 척하문서 뒤로는 칼을 갈고 있을지 어떻게 알겠어.","살살 기는 척하면서 뒤로는 칼을 갈고 있을지 어떻게 알겠어."
"793","이용당하는 척하문서 역이용할 수 있으리라고 기대하고 있는 거 아니야?","이용당하는 척하면서 역이용할 수 있으리라고 기대하고 있는 거 아니야?"
"794","알면서도 모른 척하문서 시치미를 뗀다.","알면서도 모른 척하면서 시치미를 뗀다."
"795","경찰은 걷은 겉으로는 무관심 척하문서 주위를 흘끗흘끗 살펴보고 있다.","경찰은 걷은 겉으로는 무관심 척하면서 주위를 흘끗흘끗 살펴보고 있다."
"796","그는 열심히 일하는 척하문서 몰래몰래 딴짓하는 동료들이 못마땅했다.","그는 열심히 일하는 척하면서 몰래몰래 딴짓하는 동료들이 못마땅했다."
"797","오십육 참외 참우 참위","오십육 참외 참우 참위"
"798","그는 들고 온 바구니 속에서 칼과 참우를 꺼내어 껍질을 쭉쭉 밀어내듯 깎았다.","그는 들고 온 바구니 속에서 칼과 참외를 꺼내어 껍질을 쭉쭉 밀어내듯 깎았다."
"799","우리 집 참우 맛이 꿀맛이다.","우리 집 참외 맛이 꿀맛이다."
"800","과일 가게에 늘어놓은 참우들이 탐스러워 보인다.","과일 가게에 늘어놓은 참외들이 탐스러워 보인다."
"801","그는 참우 하나를 옷에 쓱쓱 문지르더니 베어먹기 시작했다.","그는 참외 하나를 옷에 쓱쓱 문지르더니 베어먹기 시작했다."
"802","닳아빠진 모자를 쓴 채 뙤약볕 밑에서 참우를 따는 중이다.","닳아빠진 모자를 쓴 채 뙤약볕 밑에서 참외를 따는 중이다."
"803","아저씨는 봄 내 온 정성을 참우에 기울였다.","아저씨는 봄 내 온 정성을 참외에 기울였다."
"804","참우 넝쿨이 밭에 골짜기마다 뻗어있다.","참외 넝쿨이 밭에 골짜기마다 뻗어있다."
"805","옆집에서 참우를 세 소쿠리나 가져오셨다.","옆집에서 참외를 세 소쿠리나 가져오셨다."
"806","참우는 노란 세로띠가 진할수록 당도가 높다.","참외는 노란 세로띠가 진할수록 당도가 높다."
"807","그는 시원한 계곡물에 참우와 수박을 담갔다.","그는 시원한 계곡물에 참외와 수박을 담갔다."
"808","오십칠 천천히 찬차히 찬창이","오십칠 천천히 찬차히 찬창이"
"809","묵묵히 듣고 앉아있던 어머니가 찬차히 말을 꺼냈다.","묵묵히 듣고 앉아있던 어머니가 찬창이 말을 꺼냈다."
"810","빨리는커녕 찬차히도 못 걷겠다.","빨리는커녕 찬창이도 못 걷겠다."
"811","그렇게 찬차히 걷다가는 지각할걸.","그렇게 찬창이 걷다가는 지각할걸."
"812","급한 일일수록 찬차히 돌아가는 게 좋아.","급한 일일수록 찬창이 돌아가는 게 좋아."
"813","그녀는 머리를 풀더니 손가락으로 머리카락을 찬차히 쓸었다.","그녀는 머리를 풀더니 손가락으로 머리카락을 찬창이 쓸었다."
"814","그는 선반 위의 상자를 내려 어깨에 걸치고 찬차히 밖으로 나갔다.","그는 선반 위의 상자를 내려 어깨에 걸치고 찬창이 밖으로 나갔다."
"815","설탕이 녹을 때까지 찻숟가락으로 찬차히 커피를 저어봐.","설탕이 녹을 때까지 찻숟가락으로 찬창이 커피를 저어봐."
"816","빙판에 미끄러진 아이는 아무렇지도 않은 듯 찬차히 일어섰다.","빙판에 미끄러진 아이는 아무렇지도 않은 듯 찬창이 일어섰다."
"817","그는 시선을 정면으로 향하고 입을 굳게 다문 채 찬차히 걸어가고 있었다.","그는 시선을 정면으로 향하고 입을 굳게 다문 채 찬창이 걸어가고 있었다."
"818","지금은 감정이 격해졌으니 시간을 갖고 찬차히 생각해 보자.","지금은 감정이 격해졌으니 시간을 갖고 찬창이 생각해 보자."
"819","너 힘을 잘치는구나?","너 헤엄을 잘치는구나?"
"820","물살이 꽤 센데 어떻게 힘 치고있네?","물살이 꽤 센데 어떻게 헤엄 치고있네?"
"821","여기가 힘 쳐서 올 수 있는 거리던가?","여기가 헤엄 쳐서 올 수 있는 거리던가?"
"822","아이들이 개울에서 개구리힘을 친다.","아이들이 개울에서 개구리헤엄을 친다."
"823","힘을 잘치려면 우선 물장구질 하는 것부터 배워.","헤엄을 잘치려면 우선 물장구질 하는 것부터 배워."
"824","연어떼가 산란을 위해 힘차게 힘을 쳐 귀향 하고 있다.","연어떼가 산란을 위해 힘차게 헤엄을 쳐 귀향 하고 있다."
"825","나는 바닷가 마을에 살면서도 낚시와 힘을 배우지 못했어.","나는 바닷가 마을에 살면서도 낚시와 헤엄을 배우지 못했어."
"826","아무래도 힘을 쳐서 강을 건너는건 무리겠지?","아무래도 헤엄을 쳐서 강을 건너는건 무리겠지?"
"827","나는 여름이면 매일 냇가에 나가서 힘을 쳤어.","나는 여름이면 매일 냇가에 나가서 헤엄을 쳤어."
"828","힘도 못치는게 무슨 생각으로 물에 들어갔니?","헤엄도 못치는게 무슨 생각으로 물에 들어갔니?"
